0.1,1.43,-2.868,0.4984541441,0.5297323316,-1.0557380915,-0.3846313357,-0.2301021963,-1.0271801949,-1.1305948496
0.2,1.43,-2.868,0.4984541441,0.5298759788,-1.0551905632,-0.4077500999,-0.2300044447,-1.0265940428,-1.1451419592
0.3,1.43,-2.868,0.4984541441,0.5297205448,-1.0544561148,-0.4240620732,-0.2309472412,-1.0258473158,-1.1464101076
0.4,1.43,-2.868,0.4984541441,0.5288000405,-1.0539793968,-0.4305405319,-0.2312515229,-1.0256435871,-1.1523640156
0.5,1.43,-2.868,0.4984541441,0.5286937505,-1.053483367,-0.4481104016,-0.2313133031,-1.0255008936,-1.166254282
0.6,1.43,-2.868,0.4984541441,0.5290578604,-1.0530666113,-0.4697813094,-0.2314407378,-1.0251623392,-1.1752412319
0.7,1.43,-2.868,0.4984541441,0.5293797255,-1.052370429,-0.4927168787,-0.2312840968,-1.0246855021,-1.1858336926
0.8,1.43,-2.868,0.4984541441,0.5296013355,-1.0517294407,-0.5145365,-0.2316368073,-1.0241023302,-1.1929916143
0.9,1.43,-2.868,0.4984541441,0.5288257599,-1.0508264303,-0.5225067139,-0.2319394201,-1.0236141682,-1.1926635504
1,1.43,-2.868,0.4984541441,0.5285738409,-1.0503891707,-0.5280950069,-0.2323189378,-1.0233908892,-1.1981328726
1.1,1.43,-2.868,0.4984541441,0.5286709964,-1.0496629477,-0.5587576628,-0.2324643135,-1.023223877,-1.2048903704
1.2,1.43,-2.868,0.4984541441,0.5285831839,-1.0490682125,-0.5868130922,-0.2325228453,-1.022785306,-1.2130221129
1.3,1.43,-2.868,0.4984541441,0.5289337635,-1.0482598543,-0.6126129031,-0.2325560451,-1.0222660303,-1.2285490036
1.4,1.43,-2.868,0.4984541441,0.5284372866,-1.0474067926,-0.6280191541,-0.2332422435,-1.0215673447,-1.2328106165
1.5,1.43,-2.868,0.4984541441,0.527827993,-1.046757102,-0.6345123053,-0.2335043699,-1.0212644339,-1.2382500172
1.6,1.43,-2.868,0.4984541441,0.5276736915,-1.0463398695,-0.6530942321,-0.2335578352,-1.021089673,-1.2459856272
1.7,1.43,-2.868,0.4984541441,0.527953282,-1.0456368923,-0.6744506359,-0.2336471528,-1.0208058357,-1.2484132052
1.8,1.43,-2.868,0.4984541441,0.5279540718,-1.0449558497,-0.7016151547,-0.2337675393,-1.0203464031,-1.2625930309
1.9,1.43,-2.868,0.4984541441,0.5275122076,-1.0442316532,-0.7278652787,-0.2342706919,-1.0196738243,-1.2683907747
2,1.43,-2.868,0.4984541441,0.5269379914,-1.0431704521,-0.7346261144,-0.2343436182,-1.0196746588,-1.3065946102
2.1,1.43,-2.868,0.4984541441,0.5265226066,-1.0427449942,-0.7407711148,-0.233317107,-1.0198099613,-1.3271943331
2.2,1.43,-2.868,0.4984541441,0.5264718086,-1.0420883894,-0.7680031061,-0.2295802534,-1.0199904442,-1.3434457779
2.3,1.43,-2.868,0.4984541441,0.5264468789,-1.0414776802,-0.791856885,-0.2243637592,-1.0202703476,-1.369377017
2.4,1.43,-2.868,0.4984541441,0.5264204144,-1.0408768654,-0.8194851279,-0.2165279984,-1.0205862522,-1.4259456396
2.5,1.43,-2.868,0.4984541441,0.5260299146,-1.0399950743,-0.832259953,-0.2071986049,-1.0204955339,-1.4970231056
2.6,1.43,-2.868,0.4984541441,0.5252376646,-1.0393499136,-0.8398212194,-0.1960611641,-1.0204759836,-1.5877757072
2.7,1.43,-2.868,0.4984541441,0.5250887871,-1.0388498306,-0.8548212647,-0.1828458011,-1.0208288431,-1.6505995989
2.8,1.43,-2.868,0.4984541441,0.5254223049,-1.03840518,-0.869981885,-0.1698784232,-1.0205003023,-1.6626890898
2.9,1.43,-2.868,0.4984541441,0.5253361911,-1.037853241,-0.8950371146,-0.1553273201,-1.0201407671,-1.6284066439
3,1.43,-2.868,0.4984541441,0.5254769772,-1.0372549295,-0.9153744578,-0.1402400285,-1.0193902254,-1.5572443008
3.1,1.43,-2.868,0.4984541441,0.5243176669,-1.036367178,-0.9169852138,-0.1256926507,-1.0181424618,-1.4174991846
3.2,1.43,-2.868,0.4984541441,0.5241815746,-1.0359255076,-0.9169050455,-0.1103945822,-1.0161376,-1.2017323971
3.3,1.43,-2.868,0.4984541441,0.5239733756,-1.0354804993,-0.9392511249,-0.0945881158,-1.0130337477,-0.9090036154
3.4,1.43,-2.868,0.4984541441,0.5241738558,-1.0350780487,-0.957275033,-0.0785435736,-1.0083574057,-0.5423852801
3.5,1.43,-2.868,0.4984541441,0.5240908116,-1.0345375538,-0.9807040691,-0.0612447709,-1.0041693449,-0.1157504022
3.6,1.43,-2.868,0.4984541441,0.5233445317,-1.0338915587,-0.9920409918,-0.0445400514,-0.9996368289,0.3312084079
3.7,1.43,-2.868,0.4984541441,0.5225256681,-1.0333176851,-0.9985688329,-0.027365109,-0.9955809116,0.7345956564
3.8,1.43,-2.868,0.4984541441,0.5224847943,-1.0330432653,-1.008610487,-0.0086575234,-0.991990447,1.1127747297
3.9,1.43,-2.868,0.4984541441,0.5224688798,-1.0328110457,-1.0216801167,0.0106702847,-0.9879404902,1.4966545105
4,1.43,-2.868,0.4984541441,0.5225612521,-1.0323125124,-1.0367116928,0.0317196399,-0.9844044447,1.856371522
4.1,1.43,-2.868,0.4984541441,0.5223144144,-1.0318455696,-1.0585731268,0.0537741855,-0.9816117883,2.1791892052
4.2,1.43,-2.868,0.4984541441,0.5214948207,-1.0311032534,-1.060839653,0.0772782862,-0.9796049595,2.4448783398
4.3,1.43,-2.868,0.4984541441,0.5209443271,-1.0308265686,-1.0684437752,0.1020120829,-0.9780521989,2.6685361862
4.4,1.431,-2.867,0.4988875398,0.5211434215,-1.0305498838,-1.076089859,0.1282689422,-0.975903511,2.861222744
4.5,1.433,-2.863,0.5001869781,0.5209148526,-1.0301448107,-1.0901489258,0.1545543522,-0.9743658304,3.0363194943
4.6,1.435,-2.859,0.4997539569,0.5210105479,-1.0296438932,-1.102901578,1.031242013,-1.2637002468,4.5082268715
4.7,1.439,-2.853,0.4997539569,0.5207654387,-1.0288852453,-1.1087204218,1.0656574965,-1.2609320879,4.6592135429
4.8,1.444,-2.845,0.5001869781,0.5199766755,-1.0283606052,-1.1089806557,1.099400878,-1.2584303618,4.7938551903
4.9,1.449,-2.836,0.5001869781,0.5197193623,-1.0279523134,-1.1195440292,1.4103152752,-1.296492219,5.2498722076
5,1.455,-2.826,0.5006198743,0.5198610127,-1.0276926756,-1.1229259968,1.4470881224,-1.291877985,5.479473114
5.1,1.462,-2.814,0.5001869781,0.5198978037,-1.0271801949,-1.1305948496,1.4834928513,-1.2866289616,5.7219905853
5.2,1.469,-2.8,0.4997539569,0.5199955553,-1.0265940428,-1.1451419592,1.5198943615,-1.281544447,5.9121484757
5.3,1.478,-2.786,0.4988875398,0.5190527588,-1.0258473158,-1.1464101076,1.5548233986,-1.2757158279,6.1736626625
5.4,1.487,-2.771,0.4975869789,0.5187484771,-1.0256435871,-1.1523640156,1.5892204046,-1.2696120739,6.4646778107
5.5,1.496,-2.755,0.4958511567,0.5186866969,-1.0255008936,-1.166254282,1.6235512495,-1.2661762238,6.6002345085
5.6,1.506,-2.738,0.4928086995,0.5185592622,-1.0251623392,-1.1752412319,1.6653017998,-1.2603136301,6.7294802666
5.7,1.517,-2.72,0.4901960727,0.5187159032,-1.0246855021,-1.1858336926,1.7097666264,-1.2528649569,6.9133458138
5.8,1.529,-2.7,0.4880155127,0.5183631927,-1.0241023302,-1.1929916143,1.7559931278,-1.2464101315,7.0524640083
5.9,1.541,-2.68,0.4849576075,0.5180605799,-1.0236141682,-1.1926635504,1.7998149395,-1.2409108877,7.1506276131
6,1.555,-2.659,0.4797016838,0.5176810622,-1.0233908892,-1.1981328726,1.8319017887,-1.2371547222,7.2487182617
6.1,1.569,-2.636,0.4766277411,0.5175356865,-1.023223877,-1.2048903704,1.8613656759,-1.2324271202,7.4208388329
6.2,1.584,-2.614,0.4731075166,0.5174771547,-1.022785306,-1.2130221129,1.8912472725,-1.2269448042,7.6259813309
6.3,1.601,-2.589,0.4700211087,0.5174439549,-1.0222660303,-1.2285490036,1.9229687452,-1.2206565142,7.8492217064
6.4,1.618,-2.563,0.4664867372,0.5167577565,-1.0215673447,-1.2328106165,1.9516984224,-1.214551568,8.1063117981
6.5,1.637,-2.535,0.4638310574,0.5164956301,-1.0212644339,-1.2382500172,1.9812341929,-1.2080159187,8.4220066071
6.6,1.658,-2.506,0.4620582836,0.5164421648,-1.021089673,-1.2459856272,2.0091142654,-1.2031656504,8.6867866516
6.7,1.68,-2.474,0.4607274899,0.5163528472,-1.0208058357,-1.2484132052,2.037197113,-1.1977030039,8.9788780212
6.8,1.704,-2.44,0.4585071984,0.5162324607,-1.0203464031,-1.2625930309,2.0593614578,-1.1908483505,9.3343830109
6.9,1.73,-2.404,0.4567289011,0.5157293081,-1.0196738243,-1.2683907747,2.0828495026,-1.1839693785,9.6671714783
7,1.757,-2.366,0.454948777,0.5156563818,-1.0196746588,-1.3065946102,2.1072459221,-1.177821517,10.0186748505
7.1,1.785,-2.327,0.4518291852,0.516682893,-1.0198099613,-1.3271943331,2.1312587261,-1.1720093489,10.4175205231
7.2,1.815,-2.287,0.4504905207,0.5204197466,-1.0199904442,-1.3434457779,2.1579909325,-1.1662831307,10.7592115402
7.3,1.847,-2.243,0.4487040585,0.5256362408,-1.0202703476,-1.369377017,2.192065239,-1.1588526964,11.0700092316
7.4,1.881,-2.198,0.4495975144,0.5334720016,-1.0205862522,-1.4259456396,2.2274589539,-1.1479489803,11.4960947037
7.5,1.914,-2.154,0.4460210021,0.5428013951,-1.0204955339,-1.4970231056,2.2630798817,-1.1377471685,11.8610544205
7.6,1.948,-2.108,0.4451257567,0.5539388359,-1.0204759836,-1.5877757072,2.2924211025,-1.1308305264,12.1189136505
7.7,1.984,-2.062,0.4433339316,0.5671541989,-1.0208288431,-1.6505995989,2.3148598671,-1.1244004965,12.3948040009
7.8,2.019,-2.016,0.4424373535,0.5801215768,-1.0205003023,-1.6626890898,2.3370146751,-1.1195241213,12.5346460342
7.9,2.053,-1.972,0.441540333,0.5946726799,-1.0201407671,-1.6284066439,2.372988224,-1.1132333279,12.5148353577
8,2.087,-1.927,0.439295852,0.6097599715,-1.0193902254,-1.5572443008,2.4114012718,-1.1055790186,12.4908418655
8.1,2.122,-1.882,0.4379478447,0.6243073493,-1.0181424618,-1.4174991846,2.4505848885,-1.0974289179,12.4208402634
8.2,2.158,-1.837,0.4347986673,0.6396054178,-1.0161376,-1.2017323971,2.487436533,-1.0918834209,12.2152986526
8.3,2.193,-1.793,0.4325459917,0.6554118842,-1.0130337477,-0.9090036154,2.512168169,-1.0886603594,12.0014019012
8.4,2.228,-1.749,0.4316441637,0.6714564264,-1.0083574057,-0.5423852801,2.5308988094,-1.0868656635,11.7434396744
8.5,2.263,-1.705,0.4316441637,0.6887552291,-1.0041693449,-0.1157504022,2.5504775047,-1.0869902372,11.3838739395
8.6,2.298,-1.663,0.4293877073,0.7054599486,-0.9996368289,0.3312084079,2.5723645687,-1.0858509541,11.0682954788
8.7,2.334,-1.619,0.4271285671,0.722634891,-0.9955809116,0.7345956564,2.5950152874,-1.0845159292,10.7454633713
8.8,2.37,-1.576,0.4239612893,0.7413424766,-0.991990447,1.1127747297,2.6155555248,-1.0853317976,10.3306856155
8.9,2.405,-1.533,0.419881449,0.7606702847,-0.9879404902,1.4966545105,2.6342132092,-1.0855927467,9.9690103531
9,2.441,-1.492,0.4157931062,0.7817196399,-0.9844044447,1.856371522,2.6532363892,-1.0835391283,9.7768392563
9.1,2.478,-1.449,0.4121519526,0.8037741855,-0.9816117883,2.1791892052,2.6753671169,-1.0817807913,9.5615777969
9.2,2.515,-1.408,0.4085042047,0.8272782862,-0.9796049595,2.4448783398,2.6967904568,-1.0811862946,9.3209609985
9.3,2.552,-1.366,0.4062210394,0.8520120829,-0.9780521989,2.6685361862,2.7158555985,-1.0794452429,9.1988258362
9.4,2.59,-1.324,0.4043926785,0.8782689422,-0.975903511,2.861222744,2.7361066341,-1.0767379999,9.1785707474
9.5,2.627,-1.283,0.4021049535,0.9045543522,-0.9743658304,3.0363194943,2.7588760853,-1.0762326717,9.032781601
9.6,2.666,-1.241,0.3993563674,1.781242013,-1.2637002468,4.5082268715,2.7794334889,-1.0767886639,8.8631267548
9.7,2.704,-1.201,0.3966041871,1.8156574965,-1.2609320879,4.6592135429,2.79804039,-1.0753259659,8.8270025253
9.8,2.742,-1.16,0.3938484373,1.849400878,-1.2584303618,4.7938551903,2.8175299168,-1.0749098063,8.7387714386
9.9,2.781,-1.119,0.3915492705,2.1603152752,-1.296492219,5.2498722076,2.8436377049,-1.0753641129,8.5271892548
10,2.82,-1.079,0.3878655193,2.1970881224,-1.291877985,5.479473114,2.8747105598,-1.0728399754,8.3858575821
10.1,2.86,-1.038,0.3883263288,2.2334928513,-1.2866289616,5.7219905853,2.9060182571,-1.0687031746,8.3131952286
10.2,2.9,-0.997,0.3864825095,2.2698943615,-1.281544447,5.9121484757,2.9372153282,-1.0665516853,8.1466751099
10.3,2.94,-0.956,0.3860213129,2.3048233986,-1.2757158279,6.1736626625,2.968180418,-1.0651584864,7.9694185257
10.4,2.98,-0.916,0.3846371443,2.3392204046,-1.2696120739,6.4646778107,2.9852740765,-1.0634858608,7.9359464645
10.5,3.021,-0.875,0.3855600197,2.3735512495,-1.2661762238,6.6002345085,3.003446579,-1.0629040003,7.8281402588
10.6,3.062,-0.834,0.3869436096,2.4153017998,-1.2603136301,6.7294802666,3.0229578018,-1.0642935038,7.5776104927
10.7,3.101,-0.793,0.3892476564,2.4597666264,-1.2528649569,6.9133458138,3.0533766747,-1.062956214,7.3595499992
10.8,3.14,-0.753,0.3947674157,2.5059931278,-1.2464101315,7.0524640083,3.083609581,-1.060112834,7.2331805229
10.9,3.179,-0.712,0.3984393721,2.5498149395,-1.2409108877,7.1506276131,3.1147239208,-1.0596908331,7.0244164467
11,3.217,-0.67,0.3998147153,2.5819017887,-1.2371547222,7.2487182617,3.145980835,-1.0604850054,6.7015657425
11.1,3.257,-0.628,0.4062210394,2.6113656759,-1.2324271202,7.4208388329,3.1624450684,-1.0623588562,6.4094948769
11.2,3.294,-0.585,0.4089605318,2.6412472725,-1.2269448042,7.6259813309,3.1788022518,-1.0631600618,6.174823761
11.3,3.332,-0.544,0.4116963436,2.6729687452,-1.2206565142,7.8492217064,3.1941781044,-1.0640015602,5.9260954857
11.4,3.37,-0.499,0.4148834392,2.7016984224,-1.214551568,8.1063117981,3.2093143463,-1.0655754805,5.638004303
11.5,3.408,-0.455,0.4153383246,2.7312341929,-1.2080159187,8.4220066071,3.2240552902,-1.0663084984,5.4035439491
11.6,3.447,-0.411,0.4162477838,2.7591142654,-1.2031656504,8.6867866516,3.2399787903,-1.0658792257,5.2266960144
11.7,3.484,-0.368,0.4180654526,2.787197113,-1.1977030039,8.9788780212,3.2563476563,-1.0666362047,5.0140342712
11.8,3.52,-0.326,0.4185196087,2.8093614578,-1.1908483505,9.3343830109,3.2738921642,-1.0676060915,4.8147788048
11.9,3.557,-0.282,0.4207888179,2.8328495026,-1.1839693785,9.6671714783,3.2893023491,-1.0690299273,4.6068525314
12,3.592,-0.242,0.4148834392,2.8572459221,-1.177821517,10.0186748505,3.3057336807,-1.0705113411,4.4009227753
12.1,3.626,-0.202,0.4098728792,2.8812587261,-1.1720093489,10.4175205231,3.3213984966,-1.0720711947,4.1773929596
12.2,3.665,-0.159,0.4121519526,2.9079909325,-1.1662831307,10.7592115402,3.3391485214,-1.0725702047,4.033788681
12.3,3.702,-0.116,0.4116963436,2.942065239,-1.1588526964,11.0700092316,3.357550621,-1.0724892616,3.9232909679
12.4,3.741,-0.072,0.4103288993,2.9774589539,-1.1479489803,11.4960947037,3.3757998943,-1.0754022598,3.631411314
12.5,3.779,-0.029,0.4094167567,3.0130798817,-1.1377471685,11.8610544205,3.4023005962,-1.0777848959,3.3300044537
12.6,3.817,0.013,0.4112406316,3.0424211025,-1.1308305264,12.1189136505,3.4294571877,-1.0746794939,3.3718883991
12.7,3.854,0.056,0.4126074587,3.0648598671,-1.1244004965,12.3948040009,3.4569404125,-1.0728334189,3.3594210148
12.8,3.891,0.098,0.4130628615,3.0870146751,-1.1195241213,12.5346460342,3.4887311459,-1.0776839256,2.9542524815
12.9,3.929,0.142,0.4167023574,3.122988224,-1.1132333279,12.5148353577,3.5178203583,-1.0811965466,2.5720324516
13,3.966,0.184,0.4157931062,3.1614012718,-1.1055790186,12.4908418655,3.5497515202,-1.0809679031,2.365167141
13.1,4.003,0.228,0.4189736603,3.2005848885,-1.0974289179,12.4208402634,3.5774486065,-1.0828233957,2.0378861427
13.2,4.041,0.272,0.4212423446,3.237436533,-1.0918834209,12.2152986526,3.5971536636,-1.0883277655,1.4927306175
13.3,4.076,0.313,0.4244140764,3.262168169,-1.0886603594,12.0014019012,3.6263189316,-1.0908178091,1.0614725351
13.4,4.112,0.358,0.4275806092,3.2808988094,-1.0868656635,11.7434396744,3.655936718,-1.092310667,0.6315729022
13.5,4.149,0.402,0.4298392137,3.3004775047,-1.0869902372,11.3838739395,3.6808655262,-1.0987924337,-0.0955173373
13.6,4.184,0.446,0.4311930878,3.3223645687,-1.0858509541,11.0682954788,3.7051103115,-1.1044056416,-0.7954272628
13.7,4.221,0.491,0.4343483492,3.3450152874,-1.0845159292,10.7454633713,3.7356045246,-1.1054141522,-1.2063177824
13.8,4.256,0.536,0.4347986673,3.3655555248,-1.0853317976,10.3306856155,3.7644252777,-1.1096863747,-1.776137948
13.9,4.292,0.581,0.4347986673,3.3842132092,-1.0855927467,9.9690103531,3.7948880196,-1.1183390617,-2.5738153458
14,4.328,0.626,0.4361489692,3.4032363892,-1.0835391283,9.7768392563,3.8181576729,-1.1254659891,-3.3035783768
14.1,4.363,0.671,0.4370486255,3.4253671169,-1.0817807913,9.5615777969,3.8410923481,-1.132000804,-4.0221738815
14.2,4.399,0.717,0.4401939747,3.4467904568,-1.0811862946,9.3209609985,3.863827467,-1.1407855749,-4.9108099937
14.3,4.434,0.762,0.4401939747,3.4658555985,-1.0794452429,9.1988258362,3.8819072247,-1.1503976584,-5.844856739
14.4,4.469,0.807,0.440642871,3.4861066341,-1.0767379999,9.1785707474,3.8937804699,-1.1583989859,-6.6724729538
14.5,4.503,0.851,0.4401939747,3.5088760853,-1.0762326717,9.032781601,3.9060111046,-1.168432951,-7.7208380699
14.6,4.537,0.896,0.440642871,3.5294334889,-1.0767886639,8.8631267548,3.9256443977,-1.1809159517,-8.933180809
14.7,4.573,0.942,0.4446779671,3.54804039,-1.0753259659,8.8270025253,3.9509270191,-1.1920058727,-10.0924520493
14.8,4.607,0.987,0.4451257567,3.5675299168,-1.0749098063,8.7387714386,3.9766504765,-1.2028603554,-11.2974319458
14.9,4.642,1.033,0.4464684576,3.5936377049,-1.0753641129,8.5271892548,3.9990122318,-1.2164596319,-12.6419782639
15,4.676,1.079,0.4482571622,3.6247105598,-1.0728399754,8.3858575821,4.0093655586,-1.2287198305,-13.9842882156
15.1,4.709,1.123,0.4495975144,3.6560182571,-1.0687031746,8.3131952286,4.0167174339,-1.2415682077,-15.3953227997
15.2,4.743,1.169,0.454948777,3.6872153282,-1.0665516853,8.1466751099,4.0228838921,-1.2554057837,-16.8707466125
15.3,4.776,1.215,0.4562840411,3.718180418,-1.0651584864,7.9694185257,4.0281658173,-1.268237114,-18.3636608124
15.4,4.809,1.261,0.4580627957,3.7352740765,-1.0634858608,7.9359464645,4.0370745659,-1.2803993225,-19.8172016144
15.5,4.841,1.307,0.4611712032,3.753446579,-1.0629040003,7.8281402588,4.0468688011,-1.2956339121,-21.396440506
15.6,4.873,1.352,0.464716749,3.7729578018,-1.0642935038,7.5776104927,4.0512695313,-1.3102940321,-23.0382881165
15.7,4.903,1.396,0.4709035287,3.8033766747,-1.062956214,7.3595499992,4.0585045815,-1.323320508,-24.5945682526
15.8,4.933,1.441,0.4753085476,3.833609581,-1.060112834,7.2331805229,4.0697197914,-1.3379758596,-26.1723804474
15.9,4.963,1.488,0.4775066079,3.8647239208,-1.0596908331,7.0244164467,4.0819320679,-1.3526970148,-27.860666275
16,4.992,1.533,0.4810172911,3.895980835,-1.0604850054,6.7015657425,4.085975647,-1.3645527363,-29.4911556244
16.1,5.021,1.579,0.4867057117,3.9124450684,-1.0623588562,6.4094948769,4.0866394043,-1.3759057522,-31.2190284729
16.2,5.05,1.627,0.4941133511,3.9288022518,-1.0631600618,6.174823761,4.0863747597,-1.3864016533,-33.0008583069
16.3,5.078,1.673,0.4997539569,3.9441781044,-1.0640015602,5.9260954857,4.0870547295,-1.396984458,-34.7748756409
16.4,5.104,1.72,0.5075291185,3.9593143463,-1.0655754805,5.638004303,4.0893354416,-1.405987978,-36.440574646
16.5,5.129,1.765,0.5152631705,3.9740552902,-1.0663084984,5.4035439491,4.0961108208,-1.4167387486,-38.1232566833
16.6,5.153,1.812,0.5246591593,3.9899787903,-1.0658792257,5.2266960144,4.1075429916,-1.4316008091,-39.8281936646
16.7,5.175,1.857,0.5306054432,4.0063476563,-1.0666362047,5.0140342712,4.1138501167,-1.4432322979,-41.5258331299
16.8,5.196,1.9,0.5390549613,4.0238921642,-1.0676060915,4.8147788048,4.1195335388,-1.4550405741,-43.21667099
16.9,5.215,1.943,0.5482871384,4.0393023491,-1.0690299273,4.6068525314,4.1229090691,-1.4683192968,-44.9086914062
17,5.232,1.983,0.5574529735,4.0557336807,-1.0705113411,4.4009227753,4.1200823784,-1.4775698185,-46.5566978455
17.1,5.248,2.022,0.5669632999,4.0713984966,-1.0720711947,4.1773929596,4.1169199944,-1.4845023155,-48.1797637939
17.2,5.262,2.061,0.5763986461,4.0891485214,-1.0725702047,4.033788681,4.1167945862,-1.4960095882,-49.7634506226
17.3,5.276,2.099,0.5857577645,4.107550621,-1.0724892616,3.9232909679,4.1148190498,-1.5044625998,-51.4100036621
17.4,5.288,2.137,0.5946374947,4.1257998943,-1.0754022598,3.631411314,4.1111660004,-1.5146239996,-53.0527267456
17.5,5.298,2.173,0.604242377,4.1523005962,-1.0777848959,3.3300044537,4.106754303,-1.5232692957,-54.6221694946
17.6,5.308,2.208,0.6149437972,4.1794571877,-1.0746794939,3.3718883991,4.0998511314,-1.5330215693,-56.252155304
17.7,5.316,2.244,0.6267027379,4.2069404125,-1.0728334189,3.3594210148,4.0917239189,-1.5430672169,-57.9321212769
17.8,5.323,2.276,0.6363942539,4.2387311459,-1.0776839256,2.9542524815,4.0849518776,-1.5528132916,-59.5508460999
17.9,5.329,2.306,0.6478926863,4.2678203583,-1.0811965466,2.5720324516,4.0799021721,-1.5620083809,-61.1291542053
18,5.333,2.333,0.6592453457,4.2997515202,-1.0809679031,2.365167141,4.0743956566,-1.5711334944,-62.733127594
18.1,5.336,2.36,0.6700786163,4.3274486065,-1.0828233957,2.0378861427,4.0682702065,-1.5785082579,-64.388999939
18.2,5.338,2.384,0.6811371684,4.3471536636,-1.0883277655,1.4927306175,4.0615730286,-1.5843913555,-66.0940856934
18.3,5.339,2.407,0.6924033093,4.3763189316,-1.0908178091,1.0614725351,4.0551366806,-1.5906250477,-67.8212051392
18.4,5.34,2.429,0.7038583619,4.405936718,-1.092310667,0.6315729022,4.0493564606,-1.5982367992,-69.5287322998
18.5,5.34,2.451,0.7151332306,4.4308655262,-1.0987924337,-0.0955173373,4.0437755585,-1.6081597805,-71.2297439575
18.6,5.339,2.472,0.7265686668,4.4551103115,-1.1044056416,-0.7954272628,4.0375919342,-1.6172821522,-72.938873291
18.7,5.338,2.496,0.7381437131,4.4856045246,-1.1054141522,-1.2063177824,4.0309267044,-1.6271028519,-74.6692581177
18.8,5.335,2.521,0.7491743483,4.5144252777,-1.1096863747,-1.776137948,4.0238752365,-1.6363191605,-76.3896560669
18.9,5.331,2.548,0.7603258914,4.5448880196,-1.1183390617,-2.5738153458,4.016313076,-1.6454187632,-78.1352615356
19,5.327,2.575,0.7709393476,4.5681576729,-1.1254659891,-3.3035783768,4.0081038475,-1.6541142464,-79.9238967896
19.1,5.321,2.602,0.7804058888,4.5910923481,-1.132000804,-4.0221738815,4.0000982285,-1.6603910923,-81.6873092651
19.2,5.315,2.628,0.7893899946,4.613827467,-1.1407855749,-4.9108099937,3.9926092625,-1.6652501822,-83.4393844604
19.3,5.308,2.654,0.7997115925,4.6319072247,-1.1503976584,-5.844856739,3.9849033356,-1.6687027216,-85.1961288452
19.4,5.3,2.681,0.8086270542,4.6437804699,-1.1583989859,-6.6724729538,3.9769682884,-1.6721330881,-86.935005188
19.5,5.291,2.706,0.8167840432,4.6560111046,-1.168432951,-7.7208380699,3.9689424038,-1.6760331392,-88.6878662109
19.6,5.282,2.731,0.825345985,4.6756443977,-1.1809159517,-8.933180809,3.9610080719,-1.6790397167,-90.4386138916
19.7,5.272,2.756,0.8339982153,4.7009270191,-1.1920058727,-10.0924520493,3.9536054134,-1.6827565432,-92.1527862549
19.8,5.262,2.779,0.842180589,4.7266504765,-1.2028603554,-11.2974319458,3.9449188709,-1.6870261431,-93.8937454224
19.9,5.251,2.801,0.8509622728,4.7490122318,-1.2164596319,-12.6419782639,3.9357585907,-1.6889743805,-95.6120605469
20,5.241,2.822,0.8590007427,4.7593655586,-1.2287198305,-13.9842882156,3.9275796413,-1.690669775,-97.3272399902
20.1,5.23,2.841,0.8668328419,4.7667174339,-1.2415682077,-15.3953227997,3.9198684692,-1.6926187277,-99.0870056152
20.2,5.22,2.858,0.874699131,4.7728838921,-1.2554057837,-16.8707466125,3.9120206833,-1.6944332123,-100.861114502
20.3,5.209,2.875,0.8821060869,4.7781658173,-1.268237114,-18.3636608124,3.9043776989,-1.6951365471,-102.584182739
20.4,5.198,2.891,0.8888433543,4.7870745659,-1.2803993225,-19.8172016144,3.8972332478,-1.6951227188,-104.302703857
20.5,5.188,2.905,0.8958385731,4.7968688011,-1.2956339121,-21.396440506,3.8886063099,-1.6963984966,-105.92741394
20.6,5.178,2.918,0.903048561,4.8012695313,-1.3102940321,-23.0382881165,3.8794662952,-1.6977658272,-107.607070923
20.7,5.167,2.93,0.9100126994,4.8085045815,-1.323320508,-24.5945682526,3.8708164692,-1.6985789537,-109.347442627
20.8,5.157,2.942,0.9167290925,4.8197197914,-1.3379758596,-26.1723804474,3.8626914024,-1.6991764307,-111.0938797
20.9,5.147,2.952,0.9230036316,4.8319320679,-1.3526970148,-27.860666275,3.8546111584,-1.6985346079,-112.835159302
21,5.136,2.963,0.9292267579,4.835975647,-1.3645527363,-29.4911556244,3.8454854488,-1.6985061169,-114.569389343
21.1,5.125,2.973,0.9348423123,4.8366394043,-1.3759057522,-31.2190284729,3.8363902569,-1.6981678009,-116.313911438
21.2,5.113,2.984,0.9407430139,4.8363747597,-1.3864016533,-33.0008583069,3.828098774,-1.6977555752,-118.0443573
21.3,5.101,2.993,0.9463718473,4.8370547295,-1.396984458,-34.7748756409,3.8203947544,-1.6961920261,-119.765510559
21.4,5.088,3.003,0.9514197649,4.8393354416,-1.405987978,-36.440574646,3.8125021458,-1.694280386,-121.526947021
21.5,5.075,3.012,0.9563703222,4.8461108208,-1.4167387486,-38.1232566833,3.80437994,-1.6919696331,-123.295578003
21.6,5.063,3.02,0.9609222246,4.8575429916,-1.4316008091,-39.8281936646,3.796394825,-1.6900979281,-125.028289795
21.7,5.05,3.028,0.9656191635,4.8638501167,-1.4432322979,-41.5258331299,3.7876367569,-1.68800807,-126.773674011
21.8,5.037,3.035,0.9694097995,4.8695335388,-1.4550405741,-43.21667099,3.779992342,-1.6849205494,-128.518280029
21.9,5.025,3.042,0.9734421354,4.8729090691,-1.4683192968,-44.9086914062,3.7723681927,-1.6812266111,-130.305374146
22,5.013,3.047,0.9768735255,4.8700823784,-1.4775698185,-46.5566978455,3.7650823593,-1.677402854,-132.076461792
22.1,5.001,3.053,0.9802683877,4.8669199944,-1.4845023155,-48.1797637939,3.7589859963,-1.6741089821,-133.873565674
22.2,4.988,3.058,0.9833963779,4.8667945862,-1.4960095882,-49.7634506226,3.7531642914,-1.6712296009,-135.573242188
22.3,4.975,3.063,0.9862566444,4.8648190498,-1.5044625998,-51.4100036621,3.7454118729,-1.6682261229,-137.180252075
22.4,4.961,3.067,0.9892176321,4.8611660004,-1.5146239996,-53.0527267456,3.7379078865,-1.6644239426,-138.783340454
22.5,4.949,3.071,0.9916289584,4.856754303,-1.5232692957,-54.6221694946,3.7294023037,-1.6603657007,-140.417739868
22.6,4.937,3.074,0.9935678666,4.8498511314,-1.5330215693,-56.252155304,3.7210290432,-1.6559482813,-142.078338623
22.7,4.925,3.076,0.9952524269,4.8417239189,-1.5430672169,-57.9321212769,3.711933136,-1.6523418427,-143.820617676
22.8,4.915,3.078,0.9966003181,4.8349518776,-1.5528132916,-59.5508460999,3.7033081055,-1.6495456696,-145.51890564
22.9,4.905,3.08,0.99779091,4.8299021721,-1.5620083809,-61.1291542053,3.6955902576,-1.6457743645,-147.227645874
23,4.895,3.081,0.9988006396,4.8243956566,-1.5711334944,-62.733127594,3.6891894341,-1.6406213045,-148.952377319
23.1,4.884,3.082,0.9994561552,4.8182702065,-1.5785082579,-64.388999939,3.6835196018,-1.6354155541,-150.6456604
23.2,4.875,3.082,0.9998558155,4.8115730286,-1.5843913555,-66.0940856934,3.6776535511,-1.6307417154,-152.354995728
23.3,4.864,3.083,0.999999884,4.8051366806,-1.5906250477,-67.8212051392,3.6720182896,-1.6252342463,-154.094619751
23.4,4.854,3.082,0.9998635749,4.7993564606,-1.5982367992,-69.5287322998,3.6655390263,-1.6193153858,-155.845596313
23.5,4.843,3.082,0.9994214312,4.7937755585,-1.6081597805,-71.2297439575,3.6584713459,-1.6140286923,-157.574157715
23.6,4.832,3.081,0.9987242187,4.7875919342,-1.6172821522,-72.938873291,3.6528952122,-1.6084438562,-159.311660767
23.7,4.822,3.08,0.9977551097,4.7809267044,-1.6271028519,-74.6692581177,3.6462213993,-1.6026171446,-161.09425354
23.8,4.811,3.078,0.9964304485,4.7738752365,-1.6363191605,-76.3896560669,3.6398580074,-1.5971177816,-162.878555298
23.9,4.801,3.076,0.9949019824,4.766313076,-1.6454187632,-78.1352615356,3.6344778538,-1.5906293392,-164.698669434
24,4.791,3.074,0.9930439122,4.7581038475,-1.6541142464,-79.9238967896,3.6297702789,-1.5842157602,-166.53213501
24.1,4.78,3.071,0.9909660395,4.7500982285,-1.6603910923,-81.6873092651,3.6244647503,-1.5778464079,-168.312347412
24.2,4.77,3.069,0.9885430365,4.7426092625,-1.6652501822,-83.4393844604,3.6196525097,-1.5707746744,-170.130584717
24.3,4.761,3.065,0.985918089,4.7349033356,-1.6687027216,-85.1961288452,3.615134716,-1.5639618635,-171.925933838
24.4,4.752,3.062,0.9831163452,4.7269682884,-1.6721330881,-86.935005188,3.6109211445,-1.5584124327,-173.680541992
24.5,4.743,3.059,0.9799634627,4.7189424038,-1.6760331392,-88.6878662109,3.6064674854,-1.5520122051,-175.443481445
24.6,4.735,3.055,0.9768656709,4.7110080719,-1.6790397167,-90.4386138916,3.6017255783,-1.544275403,-177.235961914
24.7,4.727,3.051,0.9734337256,4.7036054134,-1.6827565432,-92.1527862549,3.5983564854,-1.5365408659,-179.035171509
24.8,4.719,3.047,0.9696457818,4.6949188709,-1.6870261431,-93.8937454224,3.594190836,-1.5295902491,179.215774536
24.9,4.711,3.043,0.9656096139,4.6857585907,-1.6889743805,-95.6120605469,3.5895445347,-1.5235333443,177.538284302
25,4.703,3.038,0.9613262553,4.6775796413,-1.690669775,-97.3272399902,3.5825214386,-1.5173996687,175.961456299
25.1,4.695,3.033,0.9569420615,4.6698684692,-1.6926187277,-99.0870056152,3.5740983486,-1.5104885101,174.428985596
25.2,4.687,3.027,0.9518692816,4.6620206833,-1.6944332123,-100.861114502,3.5645034313,-1.5027810335,172.942565918
25.3,4.679,3.021,0.9465214181,4.6543776989,-1.6951365471,-102.584182739,7.5537719727,-2.0057313442,170.229858398
25.4,4.671,3.015,0.9410692411,4.6472332478,-1.6951227188,-104.302703857,7.8785390854,-2.0671641827,169.211700439
25.5,4.663,3.008,0.9353608638,4.6386063099,-1.6963984966,-105.92741394,7.870010376,-2.0660476685,168.429336548
25.6,4.656,3.002,0.9292131844,4.6294662952,-1.6977658272,-107.607070923,7.9610300064,-2.0767006874,167.959487915
25.7,4.648,2.994,0.9226042102,4.6208164692,-1.6985789537,-109.347442627,8.0996713638,-2.0921919346,167.637771606
25.8,4.641,2.987,0.9163144158,4.6126914024,-1.6991764307,-111.0938797,8.0815191269,-2.0899815559,167.382400513
25.9,4.634,2.98,0.9095824017,4.6046111584,-1.6985346079,-112.835159302,8.0811109543,-2.0735731125,167.280609131
26,4.628,2.972,0.9028178838,4.5954854488,-1.6985061169,-114.569389343,8.0592250824,-2.065376997,167.15435791
26.1,4.622,2.964,0.8958222495,4.5863902569,-1.6981678009,-116.313911438,8.039232254,-2.057826519,167.111129761
26.2,4.616,2.956,0.8881381572,4.578098774,-1.6977555752,-118.0443573,8.0192537308,-2.0511846542,167.139541626
26.3,4.61,2.947,0.8801973991,4.5703947544,-1.6961920261,-119.765510559,7.9995360375,-2.0452356339,167.195495605
26.4,4.604,2.938,0.8722469121,4.5625021458,-1.694280386,-121.526947021,7.978055954,-2.0387563705,167.208206177
26.5,4.599,2.93,0.8635551386,4.55437994,-1.6919696331,-123.295578003,7.9562907219,-2.0338146687,167.218261719
26.6,4.594,2.921,0.8548584456,4.546394825,-1.6900979281,-125.028289795,7.9318823814,-2.0291893482,167.286743164
26.7,4.589,2.911,0.8459147044,4.5376367569,-1.68800807,-126.773674011,7.9113135338,-2.0256938934,167.31628418
26.8,4.585,2.902,0.8370002057,4.529992342,-1.6849205494,-128.518280029,7.8921775818,-2.0220239162,167.322647095
26.9,4.581,2.892,0.8284183628,4.5223681927,-1.6812266111,-130.305374146,7.8688101769,-2.0177314282,167.382446289
27,4.576,2.88,0.8184900929,4.5150823593,-1.677402854,-132.076461792,7.8449058533,-2.0123217106,167.416183472
27.1,4.572,2.868,0.8094870603,4.5089859963,-1.6741089821,-133.873565674,7.8183889389,-2.0062541962,167.47366333
27.2,4.567,2.853,0.7999896455,4.5031642914,-1.6712296009,-135.573242188,7.6364541054,-1.9587615728,167.632995605
27.3,4.563,2.838,0.7912056528,4.4954118729,-1.6682261229,-137.180252075,7.548889637,-1.937972784,167.888381958
27.4,4.559,2.819,0.781631963,4.4879078865,-1.6644239426,-138.783340454,7.5305290222,-1.9366858006,168.17565918
27.5,4.554,2.799,0.7725058836,4.4794023037,-1.6603657007,-140.417739868,7.5099177361,-1.9346612692,168.503265381
27.6,4.55,2.777,0.7641857414,4.4710290432,-1.6559482813,-142.078338623,7.4858813286,-1.9327247143,168.936920166
27.7,4.546,2.753,0.7576976775,4.461933136,-1.6523418427,-143.820617676,7.4560499191,-1.931373477,169.528823853
27.8,4.542,2.726,0.7531109112,4.4533081055,-1.6495456696,-145.51890564,7.1024808884,-1.8579455614,170.262008667
27.9,4.538,2.696,0.7498120432,4.4455902576,-1.6457743645,-147.227645874,7.0836091042,-1.8597074747,170.801879883
28,4.534,2.662,0.749481124,4.4391894341,-1.6406213045,-148.952377319,6.8877496719,-1.8243442774,171.573150635
28.1,4.53,2.626,0.7481555745,4.4335196018,-1.6354155541,-150.6456604,6.7284264565,-1.8041081429,172.370071411
28.2,4.525,2.586,0.7468270324,4.4276535511,-1.6307417154,-152.354995728,6.4648127556,-1.7690821886,173.122039795
28.3,4.52,2.543,0.7468270324,4.4220182896,-1.6252342463,-154.094619751,6.2831506729,-1.7505170107,173.79145813
28.4,4.515,2.497,0.7478237194,4.4155390263,-1.6193153858,-155.845596313,6.0795254707,-1.7326203585,174.494308472
28.5,4.509,2.449,0.7484872427,4.4084713459,-1.6140286923,-157.574157715,5.9457015991,-1.7291325331,175.13041687
28.6,4.503,2.399,0.7481555745,4.4028952122,-1.6084438562,-159.311660767,5.8925523758,-1.7320594788,175.71862793
28.7,4.496,2.347,0.7481555745,4.3962213993,-1.6026171446,-161.09425354,5.8349704742,-1.7338024378,176.235198975
28.8,4.49,2.291,0.745495503,4.3898580074,-1.5971177816,-162.878555298,5.6402983666,-1.7349127531,176.738357544
28.9,4.483,2.235,0.7458286651,4.3844778538,-1.5906293392,-164.698669434,5.4932479858,-1.7381612063,177.22517395
29,4.477,2.177,0.7431581543,4.3797702789,-1.5842157602,-166.53213501,5.3991732597,-1.7425619364,177.683334351
29.1,4.471,2.119,0.742488667,4.3744647503,-1.5778464079,-168.312347412,5.3087410927,-1.7458679676,178.094558716
29.2,4.465,2.062,0.7421536449,4.3696525097,-1.5707746744,-170.130584717,5.2467803955,-1.7505238056,178.595199585
29.3,4.459,2.003,0.7434926193,4.365134716,-1.5639618635,-171.925933838,5.1439833641,-1.7582361698,179.158752441
29.4,4.453,1.947,0.7438268984,4.3609211445,-1.5584124327,-173.680541992,5.0244874954,-1.7692364454,179.689590454
29.5,4.447,1.891,0.7444948987,4.3564674854,-1.5520122051,-175.443481445,4.9216341972,-1.780618906,-179.79548645
29.6,4.441,1.835,0.7461616408,4.3517255783,-1.544275403,-177.235961914,4.8372530937,-1.793284893,-179.173446655
29.7,4.434,1.78,0.7468270324,4.3483564854,-1.5365408659,-179.035171509,4.7477455139,-1.806075573,-178.533279419
29.8,4.428,1.724,0.749481124,4.344190836,-1.5295902491,179.215774536,4.6641950607,-1.8213807344,-177.90397644
29.9,4.421,1.671,0.7527818703,4.3395445347,-1.5235333443,177.538284302,4.5745811462,-1.8392891884,-177.275665283
30,4.414,1.618,0.7560637971,4.3325214386,-1.5173996687,175.961456299,4.4993157387,-1.85159266,-176.675582886
30.1,4.406,1.567,0.7590013727,4.3240983486,-1.5104885101,174.428985596,4.4352288246,-1.8638497591,-176.099868774
30.2,4.398,1.514,0.7628942214,4.3145034313,-1.5027810335,172.942565918,4.3749051094,-1.8765927553,-175.512023926
30.3,4.389,1.463,0.7654742046,8.3037719727,-2.0057313442,170.229858398,4.317337513,-1.889125824,-174.943817139
30.4,4.38,1.412,0.7690016752,8.6285390854,-2.0671641827,169.211700439,4.263566494,-1.9018211365,-174.395843506
30.5,4.37,1.36,0.7731405048,8.620010376,-2.0660476685,168.429336548,4.1817560196,-1.9177154303,-173.883392334
30.6,4.359,1.309,0.7772466694,8.7110300064,-2.0767006874,167.959487915,4.1290693283,-1.9283901453,-173.546447754
30.7,4.348,1.258,0.7810078323,8.8496713638,-2.0921919346,167.637771606,4.0595617294,-1.9392081499,-173.390808105
30.8,4.336,1.206,0.7847408791,8.8315191269,-2.0899815559,167.382400513,3.9897739887,-1.9493892193,-173.226150513
30.9,4.324,1.153,0.7878301768,8.8311109543,-2.0735731125,167.280609131,3.919822216,-1.9588559866,-173.069015503
31,4.311,1.102,0.7908997788,8.8092250824,-2.065376997,167.15435791,3.8508286476,-1.9680114985,-172.9737854
31.1,4.297,1.05,0.7936455173,8.789232254,-2.057826519,167.111129761,3.7955570221,-1.9748728275,-172.881332397
31.2,4.283,0.998,0.7975831968,8.7692537308,-2.0511846542,167.139541626,3.7550246716,-1.9789762497,-172.836044312
31.3,4.268,0.946,0.8011880724,8.7495360375,-2.0452356339,167.195495605,3.7141335011,-1.982322216,-172.870025635
31.4,4.252,0.894,0.805060802,8.728055954,-2.0387563705,167.208206177,3.6732373238,-1.9858353138,-172.858154297
31.5,4.236,0.843,0.8068367535,8.7062907219,-2.0338146687,167.218261719,3.6329276562,-1.9889637232,-172.908905029
31.6,4.22,0.791,0.8086054434,8.6818823814,-2.0291893482,167.286743164,3.2831544876,-2.0314657688,-173.043457031
31.7,4.203,0.741,0.8115370801,8.6613135338,-2.0256938934,167.31628418,3.231815815,-2.0370922089,-173.004394531
31.8,4.186,0.691,0.8147384445,8.6421775818,-2.0220239162,167.322647095,3.1840035915,-2.0412857533,-173.03805542
31.9,4.169,0.644,0.8182027303,8.6188101769,-2.0177314282,167.382446289,3.0776824951,-2.0511395931,-173.223495483
32,4.152,0.595,0.8216375608,8.5949058533,-2.0123217106,167.416183472,2.817494154,-2.0870702267,-173.40461731
32.1,4.133,0.547,0.8258894894,8.5683889389,-2.0062541962,167.47366333,2.7452728748,-2.0893788338,-173.651947021
32.2,4.114,0.498,0.8298160471,8.3864541054,-1.9587615728,167.632995605,2.6036629677,-2.0984151363,-174.103439331
32.3,4.094,0.449,0.833701944,8.298889637,-1.937972784,167.888381958,2.5140447617,-2.096757412,-174.597213745
32.4,4.073,0.401,0.8380929362,8.2805290222,-1.9366858006,168.17565918,2.4075541496,-2.0972526074,-174.995941162
32.5,4.051,0.351,0.8421607826,8.2599177361,-1.9346612692,168.503265381,2.3021914959,-2.0958461762,-175.487686157
32.6,4.028,0.303,0.8456479396,8.2358813286,-1.9327247143,168.936920166,2.1340835095,-2.0988738537,-176.016937256
32.7,4.005,0.254,0.8475108501,8.2060499191,-1.931373477,169.528823853,2.0621404648,-2.0946106911,-176.420410156
32.8,3.98,0.203,0.8480412043,7.8524808884,-1.8579455614,170.262008667,1.9528744221,-2.0938863754,-176.732498169
32.9,3.956,0.154,0.8504172961,7.8336091042,-1.8597074747,170.801879883,1.8546401262,-2.0926733017,-176.995162964
33,3.93,0.103,0.8522534642,7.6377496719,-1.8243442774,171.573150635,1.7656148672,-2.0922734737,-177.130157471
33.1,3.904,0.052,0.8535586223,7.4784264565,-1.8041081429,172.370071411,1.6626353264,-2.0940406323,-177.12020874
33.2,3.878,0.002,0.8545989081,7.2148127556,-1.7690821886,173.122039795,1.5797721148,-2.0969183445,-177.106735229
33.3,3.852,-0.049,0.8540791922,7.0331506729,-1.7505170107,173.79145813,1.5140496492,-2.0989737511,-177.081756592
33.4,3.826,-0.099,0.8545989081,6.8295254707,-1.7326203585,174.494308472,1.4518146515,-2.1013214588,-177.051376343
33.5,3.799,-0.15,0.8535586223,6.6957015991,-1.7291325331,175.13041687,1.3660098314,-2.1040716171,-177.057678223
33.6,3.773,-0.201,0.8532980172,6.6425523758,-1.7320594788,175.71862793,1.2679873705,-2.1050412655,-177.125167847
33.7,3.747,-0.252,0.8525149222,6.5849704742,-1.7338024378,176.235198975,1.1747335196,-2.1047317982,-177.197860718
33.8,3.721,-0.303,0.8527761671,6.3902983666,-1.7349127531,176.738357544,1.0693546534,-2.1054520607,-177.268447876
33.9,3.695,-0.354,0.8532980172,6.2432479858,-1.7381612063,177.22517395,0.9763048291,-2.1058118343,-177.328689575
34,3.669,-0.405,0.8512055023,6.1491732597,-1.7425619364,177.683334351,0.916793704,-2.1056950092,-177.42515564
34.1,3.644,-0.456,0.8509429796,6.0587410927,-1.7458679676,178.094558716,0.8597535491,-2.1054928303,-177.492431641
34.2,3.618,-0.508,0.8490993681,5.9967803955,-1.7505238056,178.595199585,0.8041252494,-2.1064469814,-177.496292114
34.3,3.593,-0.559,0.8483060634,5.8939833641,-1.7582361698,179.158752441,0.7486913204,-2.1060817242,-177.639312744
34.4,3.568,-0.61,0.8477761331,5.7744874954,-1.7692364454,179.689590454,0.6809307933,-2.104460001,-177.818435669
34.5,3.543,-0.66,0.8451137758,5.6716341972,-1.780618906,-179.79548645,0.6151265502,-2.1042692661,-177.866790771
34.6,3.52,-0.711,0.8445787668,5.5872530937,-1.793284893,-179.173446655,0.5512683988,-2.1035621166,-177.9790802
34.7,3.496,-0.763,0.841080646,5.4977455139,-1.806075573,-178.533279419,0.4874308407,-2.1014511585,-178.15397644
34.8,3.472,-0.814,0.8383655951,5.4141950607,-1.8213807344,-177.90397644,0.4496685565,-2.1020956039,-178.199737549
34.9,3.449,-0.866,0.8380929362,5.3245811462,-1.8392891884,-177.275665283,0.4106847942,-2.1023879051,-178.265518188
35,3.426,-0.919,0.8364525848,5.2493157387,-1.85159266,-176.675582886,0.369409591,-2.1023292542,-178.396911621
35.1,3.404,-0.971,0.8342537418,5.1852288246,-1.8638497591,-176.099868774,0.3434153199,-2.1058952808,-178.397674561
35.2,3.382,-1.023,0.832595848,5.1249051094,-1.8765927553,-175.512023926,0.3177030385,-2.1074428558,-178.37840271
35.3,3.36,-1.076,0.8317640901,5.067337513,-1.889125824,-174.943817139,0.290050596,-2.1050515175,-178.431900024
35.4,3.338,-1.127,0.8312085451,5.013566494,-1.9018211365,-174.395843506,0.2702008784,-2.1054024696,-178.374679565
35.5,3.316,-1.18,0.8303736692,4.9317560196,-1.9177154303,-173.883392334,0.2515713274,-2.1083238125,-178.150405884
35.6,3.295,-1.233,0.8300949619,4.8790693283,-1.9283901453,-173.546447754,0.2236668319,-2.1111390591,-177.880752563
35.7,3.273,-1.286,0.8300949619,4.8095617294,-1.9392081499,-173.390808105,0.1925062239,-2.1135919094,-177.616516113
35.8,3.251,-1.34,0.8292575953,4.7397739887,-1.9493892193,-173.226150513,0.1698932499,-2.1184465885,-177.248916626
35.9,3.23,-1.392,0.8292575953,4.669822216,-1.9588559866,-173.069015503,0.1417672634,-2.1198925972,-176.885177612
36,3.208,-1.446,0.8278578389,4.6008286476,-1.9680114985,-172.9737854,0.1090928391,-2.1181733608,-176.585464478
36.1,3.187,-1.5,0.8281382044,4.5455570221,-1.9748728275,-172.881332397,0.0912704095,-2.1171274185,-176.314575195
36.2,3.166,-1.552,0.8272964871,4.5050246716,-1.9789762497,-172.836044312,0.0734512508,-2.1155180931,-176.182037354
36.3,3.145,-1.605,0.8264529084,4.4641335011,-1.982322216,-172.870025635,0.0469153486,-2.1126072407,-176.264419556
36.4,3.124,-1.658,0.8264529084,4.4232373238,-1.9858353138,-172.858154297,0.0183008928,-2.1075742245,-176.670211792
36.5,3.103,-1.712,0.8270155009,4.3829276562,-1.9889637232,-172.908905029,-0.0097181248,-2.0975003243,-177.460632324
36.6,3.082,-1.764,0.8275772664,4.0331544876,-2.0314657688,-173.043457031,-0.0249522887,-2.0808241367,-178.592651367
36.7,3.061,-1.819,0.8258894894,3.981815815,-2.0370922089,-173.004394531,-0.0232513174,-2.0588817596,-179.852355957
36.8,3.04,-1.872,0.8258894894,3.9340035915,-2.0412857533,-173.03805542,-0.0215831865,-2.0348451138,178.836791992
36.9,3.019,-1.926,0.8258894894,3.8276824951,-2.0511395931,-173.223495483,-0.0208970606,-2.0081887245,177.388473511
37,2.998,-1.979,0.8256074702,3.567494154,-2.0870702267,-173.40461731,-0.017862305,-1.9848024845,175.876373291
37.1,2.978,-2.032,0.8250428126,3.4952728748,-2.0893788338,-173.651947021,-0.0056890012,-1.9574853182,174.275238037
37.2,2.956,-2.087,0.8230600174,3.3536629677,-2.0984151363,-174.103439331,0.0170417242,-1.9233031273,172.481231689
37.3,2.936,-2.14,0.8230600174,3.2640447617,-2.096757412,-174.597213745,0.0455473438,-1.8849079609,170.576065063
37.4,2.916,-2.193,0.8222071602,3.1575541496,-2.0972526074,-174.995941162,0.0766052678,-1.8456623554,168.767105103
37.5,2.896,-2.246,0.8224916516,3.0521914959,-2.0958461762,-175.487686157,0.0924540386,-1.8228476048,167.164916992
37.6,2.876,-2.299,0.8230600174,2.8840835095,-2.0988738537,-176.016937256,0.0715781674,-1.8072063923,165.511795044
37.7,2.856,-2.352,0.8236275602,2.8121404648,-2.0946106911,-176.420410156,0.0477461591,-1.7919434309,163.853759766
37.8,2.836,-2.405,0.8250428126,2.7028744221,-2.0938863754,-176.732498169,0.035038732,-1.7896528244,162.343002319
37.9,2.816,-2.456,0.8253252445,2.6046401262,-2.0926733017,-176.995162964,0.0200299546,-1.7840746641,160.734161377
38,2.795,-2.509,0.8264529084,2.5156148672,-2.0922734737,-177.130157471,0.0042047319,-1.7776856422,159.084472656
38.1,2.775,-2.56,0.8295369249,2.4126353264,-2.0940406323,-177.12020874,-0.0088310121,-1.7769162655,157.491790771
38.2,2.753,-2.612,0.8314864215,2.3297721148,-2.0969183445,-177.106735229,-0.0276654474,-1.7655333281,155.807937622
38.3,2.732,-2.665,0.8317640901,2.2640496492,-2.0989737511,-177.081756592,-0.0406991467,-1.7541111708,154.065139771
38.4,2.711,-2.715,0.8339779472,2.2018146515,-2.1013214588,-177.051376343,-0.052333232,-1.7377871275,152.259658813
38.5,2.689,-2.766,0.8356295851,2.1160098314,-2.1040716171,-177.057678223,-0.0588590093,-1.7195425034,150.447174072
38.6,2.665,-2.821,0.8356295851,2.0179873705,-2.1050412655,-177.125167847,-0.067590341,-1.7081509829,148.690994263
38.7,2.643,-2.872,0.835079874,1.9247335196,-2.1047317982,-177.197860718,-0.0784540176,-1.6925781965,146.929519653
38.8,2.623,-2.92,0.8309304608,1.8193546534,-2.1054520607,-177.268447876,-0.0881192237,-1.6645411253,145.096923828
38.9,2.604,-2.966,0.8272964871,1.7263048291,-2.1058118343,-177.328689575,-0.1085300297,-1.6271213293,143.219024658
39,2.587,-3.009,0.8227759374,1.666793704,-2.1056950092,-177.42515564,-0.1297479719,-1.5952136517,141.439804077
39.1,2.572,-3.051,0.8153178656,1.6097535491,-2.1054928303,-177.492431641,-0.1463418454,-1.5629234314,139.637908936
39.2,2.558,-3.092,0.8080166879,1.5541252494,-2.1064469814,-177.496292114,-0.1537550092,-1.5317293406,137.841186523
39.3,2.547,-3.128,0.8005892593,1.4986913204,-2.1060817242,-177.639312744,-0.1563438773,-1.5030566454,136.010238647
39.4,2.537,-3.162,0.7912056528,1.4309307933,-2.104460001,-177.818435669,-0.1603103429,-1.4733632803,134.1277771
39.5,2.53,-3.19,0.7819437352,1.3651265502,-2.1042692661,-177.866790771,-0.1656159163,-1.4495037794,132.280456543
39.6,2.525,-3.215,0.7715525035,1.3012683988,-2.1035621166,-177.9790802,-0.1740208417,-1.4255919457,130.398742676
39.7,2.521,-3.237,0.7609512213,1.2374308407,-2.1014511585,-178.15397644,-0.1845854074,-1.4053330421,128.459716797
39.8,2.518,-3.256,0.7508036756,1.1996685565,-2.1020956039,-178.199737549,-0.1914595962,-1.388997674,126.569152832
39.9,2.516,-3.274,0.7401396189,1.1606847942,-2.1023879051,-178.265518188,-0.1962858886,-1.3742768765,124.80997467
40,2.515,-3.29,0.728601517,1.119409591,-2.1023292542,-178.396911621,-0.1964164674,-1.3593637943,123.04801178
40.1,2.514,-3.306,0.717201377,1.0934153199,-2.1058952808,-178.397674561,-0.195331648,-1.3446735144,121.25869751
40.2,2.514,-3.321,0.7056059833,1.0677030385,-2.1074428558,-178.37840271,-0.1925123036,-1.3300733566,119.4793396
40.3,2.514,-3.337,0.694178481,1.040050596,-2.1050515175,-178.431900024,-0.1884582937,-1.3162808418,117.696044922
40.4,2.515,-3.353,0.6818421145,1.0202008784,-2.1054024696,-178.374679565,-0.1802471876,-1.299407959,115.884796143
40.5,2.516,-3.369,0.6693087003,1.0015713275,-2.1083238125,-178.150405884,-0.1704835147,-1.2830129862,114.073127747
40.6,2.518,-3.384,0.6569589059,0.9736668319,-2.1111390591,-177.880752563,-0.1613164097,-1.2704550028,112.282928467
40.7,2.52,-3.4,0.6444302585,0.9425062239,-2.1135919094,-177.616516113,-0.1504185051,-1.2583311796,110.522377014
40.8,2.523,-3.416,0.6328882452,0.9198932499,-2.1184465885,-177.248916626,-0.1377081573,-1.2470934391,108.770889282
40.9,2.527,-3.432,0.6200276628,0.8917672634,-2.1198925972,-176.885177612,-0.1247384027,-1.2376521826,107.079574585
41,2.531,-3.447,0.6062032751,0.8590928391,-2.1181733608,-176.585464478,-0.1116506234,-1.2288870812,105.487586975
41.1,2.535,-3.462,0.5925960664,0.8412704095,-2.1171274185,-176.314575195,-0.0989358425,-1.2208504677,103.919525146
41.2,2.54,-3.477,0.5788176016,0.8234512508,-2.1155180931,-176.182037354,-0.0848123357,-1.2114223242,102.33694458
41.3,2.545,-3.492,0.5648718625,0.7969153486,-2.1126072407,-176.264419556,-0.069817692,-1.2025071383,100.74798584
41.4,2.551,-3.506,0.5511801414,0.7683008928,-2.1075742245,-176.670211792,-0.0561506189,-1.1964709759,99.1449508667
41.5,2.557,-3.52,0.5377599811,0.7402818752,-2.0975003243,-177.460632324,-0.042308446,-1.1925548315,97.5623855591
41.6,2.564,-3.534,0.5242021571,0.7250477113,-2.0808241367,-178.592651367,-0.0263073463,-1.1895051003,95.9871139526
41.7,2.571,-3.548,0.5096500135,0.7267486826,-2.0588817596,-179.852355957,-0.0101495106,-1.1864767075,94.4535064697
41.8,2.578,-3.561,0.495819258,0.7284168135,-2.0348451138,178.836791992,0.0069461782,-1.18276155,92.9167327881
41.9,2.586,-3.574,0.4814233916,0.7291029394,-2.0081887245,177.388473511,0.0246720202,-1.1789082289,91.3167266846
42,2.595,-3.587,0.4668964607,0.732137695,-1.9848024845,175.876373291,0.0425204821,-1.1757469177,89.672668457
42.1,2.604,-3.6,0.4513502991,0.7443109988,-1.9574853182,174.275238037,0.0586007498,-1.1752678156,87.9847183228
42.2,2.613,-3.612,0.437015587,0.7670417242,-1.9233031273,172.481231689,0.075289689,-1.1743927002,86.2688446045
42.3,2.623,-3.625,0.4207554958,0.7955473438,-1.8849079609,170.576065063,0.0922872499,-1.1747686863,84.504737854
42.4,2.633,-3.636,0.4066443184,0.8266052678,-1.8456623554,168.767105103,0.1090889648,-1.1759103537,82.7407150269
42.5,2.643,-3.647,0.3924354466,0.8424540386,-1.8228476048,167.164916992,0.1244704872,-1.1788048744,81.0056915283
42.6,2.654,-3.658,0.3772063535,0.8215781674,-1.8072063923,165.511795044,0.1385629922,-1.1834645271,79.2851715088
42.7,2.666,-3.669,0.3600093923,0.7977461591,-1.7919434309,163.853759766,0.1531941742,-1.187993288,77.5628356934
42.8,2.678,-3.679,0.3440980086,0.785038732,-1.7896528244,162.343002319,0.1668565273,-1.1931321621,75.8502655029
42.9,2.689,-3.689,0.3285594656,0.7700299546,-1.7840746641,160.734161377,0.1801822782,-1.1984821558,74.174331665
43,2.7,-3.698,0.3138810935,0.7542047319,-1.7776856422,159.084472656,0.1934580207,-1.2044193745,72.5171661377
43.1,2.711,-3.705,0.2967408476,0.7411689879,-1.7769162655,157.491790771,0.2069235593,-1.2102409601,70.8494567871
43.2,2.719,-3.711,0.2814241887,0.7223345526,-1.7655333281,155.807937622,0.2208603173,-1.2167385817,69.1618423462
43.3,2.727,-3.715,0.2669993169,0.7093008533,-1.7541111708,154.065139771,0.2336563915,-1.2241204977,67.4760284424
43.4,2.734,-3.72,0.253481838,0.697666768,-1.7377871275,152.259658813,0.2466184944,-1.2317694426,65.7610473633
43.5,2.741,-3.724,0.2394292506,0.6911409907,-1.7195425034,150.447174072,0.2589726746,-1.2400047779,64.0627670288
43.6,2.749,-3.728,0.2238646461,0.682409659,-1.7081509829,148.690994263,0.270814985,-1.2482444048,62.374912262
43.7,2.756,-3.731,0.21019847,0.6715459824,-1.6925781965,146.929519653,0.2828098536,-1.2566508055,60.6977920532
43.8,2.76,-3.733,0.1955104921,0.6618807763,-1.6645411253,145.096923828,0.2942476869,-1.265157938,59.0230369568
43.9,2.763,-3.734,0.1812702643,0.6414699703,-1.6271213293,143.219024658,0.3055524826,-1.2742090225,57.3564872742
44,2.766,-3.735,0.1674848834,0.6202520281,-1.5952136517,141.439804077,0.3182709217,-1.2830302715,55.6743278503
44.1,2.768,-3.736,0.153666676,0.6036581546,-1.5629234314,139.637908936,0.3294028342,-1.2930390835,53.9599914551
44.2,2.77,-3.736,0.1388281035,0.5962449908,-1.5317293406,137.841186523,0.3406900764,-1.3038226366,52.2357444763
44.3,2.772,-3.737,0.1239582953,0.5936561227,-1.5030566454,136.010238647,0.3508346975,-1.3149497509,50.5071983337
44.4,2.776,-3.738,0.1080665075,0.5896896571,-1.4733632803,134.1277771,0.3608281612,-1.3268814087,48.7980194092
44.5,2.779,-3.738,0.0926449165,0.5843840837,-1.4495037794,132.280456543,0.0160157327,-0.8635353446,48.5740699768
44.6,2.783,-3.739,0.077699566,0.5759791583,-1.4255919457,130.398742676,0.025593834,-0.8739594221,46.9462013245
44.7,2.786,-3.74,0.0612396183,0.5654145926,-1.4053330421,128.459716797,0.0351392403,-0.8842823505,45.3419723511
44.8,2.79,-3.74,0.0452624917,0.5585404038,-1.388997674,126.569152832,0.0447997078,-0.8950608969,43.6826286316
44.9,2.794,-3.74,0.0287739888,0.5537141114,-1.3742768765,124.80997467,0.054348398,-0.9063495994,42.0009803772
45,2.798,-3.741,0.0122776523,0.5535835326,-1.3593637943,123.04801178,0.0626505241,-0.9175662398,40.3701705933
45.1,2.801,-3.741,-0.0032220337,0.554668352,-1.3446735144,121.25869751,0.0699879304,-0.9295428991,38.7153625488
45.2,2.805,-3.74,-0.0187209455,0.5574876964,-1.3300733566,119.4793396,0.0767706558,-0.9415961504,37.0902023315
45.3,2.808,-3.74,-0.0342153598,0.5615417063,-1.3162808418,117.696044922,0.0115965214,-0.8024763465,35.8905487061
45.4,2.812,-3.74,-0.049701554,0.5697528124,-1.299407959,115.884796143,0.0182398818,-0.8135478497,34.3063621521
45.5,2.815,-3.74,-0.0651758076,0.5795164853,-1.2830129862,114.073127747,-0.0087062521,-0.7569634318,32.8486251831
45.6,2.819,-3.739,-0.080634403,0.5886835903,-1.2704550028,112.282928467,-0.0022338538,-0.7681158185,31.3176631927
45.7,2.822,-3.739,-0.0965713015,0.5995814949,-1.2583311796,110.522377014,-0.0100387046,-0.7465326786,29.8882141113
45.8,2.826,-3.738,-0.1124834783,0.6122918427,-1.2470934391,108.770889282,-0.0133139342,-0.7362959981,28.4564094543
45.9,2.829,-3.737,-0.1283668599,0.6252615973,-1.2376521826,107.079574585,-0.0112627251,-0.7371419668,27.0309352875
46,2.832,-3.736,-0.1442173803,0.6383493766,-1.2288870812,105.487586975,-0.0068694735,-0.7472949624,25.6143932343
46.1,2.835,-3.735,-0.1595374059,0.6510641575,-1.2208504677,103.919525146,-0.0029517864,-0.7572615147,24.1365947723
46.2,2.838,-3.734,-0.1753113818,0.6651876643,-1.2114223242,102.33694458,0.0004378555,-0.7693799734,22.6850681305
46.3,2.841,-3.733,-0.1910404789,0.680182308,-1.2025071383,100.74798584,0.0031200442,-0.7816345692,21.2179145813
46.4,2.843,-3.732,-0.2062314449,0.6938493811,-1.1964709759,99.1449508667,0.0053753043,-0.7941195965,19.7213516235
46.5,2.845,-3.731,-0.2223479431,0.707691554,-1.1925548315,97.5623855591,0.0075853923,-0.8060162067,18.2012844086
46.6,2.846,-3.731,-0.2384039085,0.7236926537,-1.1895051003,95.9871139526,0.0099352859,-0.8179478049,16.6671447754
46.7,2.847,-3.73,-0.2548784883,0.7398504894,-1.1864767075,94.4535064697,0.0119554866,-0.8305119276,15.1142091751
46.8,2.847,-3.73,-0.2703167739,0.7569461782,-1.18276155,92.9167327881,0.012141794,-0.8435797095,13.5367231369
46.9,2.847,-3.73,-0.2856858599,0.7746720202,-1.1789082289,91.3167266846,0.0126877492,-0.8562035561,11.9534893036
47,2.848,-3.73,-0.3005049592,0.7925204821,-1.1757469177,89.672668457,0.0139133036,-0.8690333962,10.3553390503
47.1,2.849,-3.729,-0.3171492481,0.8086007498,-1.1752678156,87.9847183228,0.0142669743,-0.8812317252,8.8185091019
47.2,2.849,-3.729,-0.3318103851,0.825289689,-1.1743927002,86.2688446045,0.0150253037,-0.8928809166,7.34917593
47.3,2.849,-3.729,-0.3463918063,0.8422872499,-1.1747686863,84.504737854,0.0148569383,-0.9017907381,6.0991492271
47.4,2.848,-3.729,-0.3613562676,0.8590889648,-1.1759103537,82.7407150269,0.014937344,-0.9068853855,5.169303894
47.5,2.848,-3.73,-0.3757649131,0.8744704872,-1.1788048744,81.0056915283,0.0172128305,-0.9126890898,4.4290537834
47.6,2.847,-3.731,-0.3905436239,0.8885629922,-1.1834645271,79.2851715088,0.0203773323,-0.9203498363,3.8705759049
47.7,2.846,-3.732,-0.4043079371,0.9031941742,-1.187993288,77.5628356934,0.02302799,-0.9252493382,3.5872480869
47.8,2.845,-3.733,-0.4179812827,0.9168565273,-1.1931321621,75.8502655029,0.0249505155,-0.9318600297,3.4467871189
47.9,2.845,-3.733,-0.4320115723,0.9301822782,-1.1984821558,74.174331665,0.0237386711,-0.935541153,3.4320018292
48,2.844,-3.734,-0.4450427865,0.9434580207,-1.2044193745,72.5171661377,0.0212970246,-0.9368023276,3.5105583668
48.1,2.843,-3.735,-0.456646474,0.9569235593,-1.2102409601,70.8494567871,0.0200441387,-0.9391257763,3.5698852539
48.2,2.843,-3.736,-0.4690563919,0.9708603173,-1.2167385817,69.1618423462,0.0204029083,-0.9413426518,3.5574977398
48.3,2.842,-3.738,-0.4809360586,0.9836563915,-1.2241204977,67.4760284424,0.0224480461,-0.9433333874,3.5424377918
48.4,2.841,-3.739,-0.4931631061,0.9966184944,-1.2317694426,65.7610473633,0.0243941583,-0.9447473884,3.5465428829
48.5,2.84,-3.74,-0.5048619582,1.0089726746,-1.2400047779,64.0627670288,0.0253918525,-0.9460644722,3.5668716431
48.6,2.839,-3.742,-0.5168968891,1.020814985,-1.2482444048,62.374912262,0.0252647679,-0.9468492866,3.598161459
48.7,2.838,-3.744,-0.5288305099,1.0328098536,-1.2566508055,60.6977920532,0.0249486007,-0.94745785,3.6168830395
48.8,2.837,-3.745,-0.5410810344,1.0442476869,-1.265157938,59.0230369568,0.0251488481,-0.9476543665,3.6423153877
48.9,2.837,-3.747,-0.5536342478,1.0555524826,-1.2742090225,57.3564872742,0.026120184,-0.9477374554,3.6527137756
49,2.836,-3.749,-0.565650644,1.0682709217,-1.2830302715,55.6743278503,0.026602881,-0.9476026893,3.6499688625
49.1,2.835,-3.75,-0.5779562204,1.0794028342,-1.2930390835,53.9599914551,0.0266594272,-0.947219789,3.6729404926
49.2,2.835,-3.752,-0.5905353388,1.0906900764,-1.3038226366,52.2357444763,0.0263552126,-0.9464993477,3.6957705021
49.3,2.834,-3.753,-0.6025736276,1.1008346975,-1.3149497509,50.5071983337,0.0261757597,-0.9460619092,3.711055994
49.4,2.834,-3.755,-0.6144763398,1.1108281612,-1.3268814087,48.7980194092,0.0265854206,-0.9457818866,3.7207052708
49.5,2.834,-3.755,-0.6262407975,0.7660157327,-0.8635353446,48.5740699768,0.0267662425,-0.9453600049,3.7085027695
49.6,2.834,-3.755,-0.6363227815,0.775593834,-0.8739594221,46.9462013245,0.0269350931,-0.9446411729,3.714499712
49.7,2.834,-3.753,-0.6440050662,0.7851392403,-0.8842823505,45.3419723511,0.0269582719,-0.9439427257,3.7290797234
49.8,2.835,-3.751,-0.649344393,0.7947997078,-0.8950608969,43.6826286316,0.0269210022,-0.9434705377,3.7402191162
49.9,2.835,-3.748,-0.6535172703,0.804348398,-0.9063495994,42.0009803772,0.0268852077,-0.9429371953,3.7576925755
50,2.836,-3.745,-0.6557850609,0.8126505241,-0.9175662398,40.3701705933,0.0272860713,-0.9432387352,3.74264431
50.1,2.836,-3.743,-0.6569167441,0.8199879304,-0.9295428991,38.7153625488,0.0273271911,-0.9430844188,3.7407147884
50.2,2.836,-3.742,-0.6569167441,0.8267706558,-0.9415961504,37.0902023315,0.0276182536,-0.9425343871,3.7389068604
50.3,2.836,-3.742,-0.6565396805,0.7615965214,-0.8024763465,35.8905487061,0.0276617166,-0.9421910644,3.7420508862
50.4,2.836,-3.742,-0.6565396805,0.7682398818,-0.8135478497,34.3063621521,0.0277781188,-0.9419629574,3.7446084023
50.5,2.836,-3.742,-0.6561624527,0.7412937479,-0.7569634318,32.8486251831,0.0278594196,-0.94180125,3.7439570427
50.6,2.836,-3.742,-0.6561624527,0.7477661462,-0.7681158185,31.3176631927,0.0277256351,-0.9414726496,3.7528686523
50.7,2.836,-3.742,-0.6561624527,0.7399612954,-0.7465326786,29.8882141113,0.0275035556,-0.9408793449,3.751611948
50.8,2.836,-3.742,-0.6561624527,0.7366860658,-0.7362959981,28.4564094543,0.027439883,-0.9404551983,3.7489316464
50.9,2.836,-3.742,-0.6561624527,0.7387372749,-0.7371419668,27.0309352875,0.027433401,-0.9402153492,3.7519893646
51,2.836,-3.742,-0.6561624527,0.7431305265,-0.7472949624,25.6143932343,0.0276079867,-0.9403390884,3.7412092686
51.1,2.836,-3.742,-0.6561624527,0.7470482136,-0.7572615147,24.1365947723,0.0284263417,-0.9409079552,3.7183024883
51.2,2.836,-3.742,-0.6561624527,0.7504378555,-0.7693799734,22.6850681305,0.0278808158,-0.9407255054,3.7156996727
51.3,2.836,-3.742,-0.6561624527,0.7531200442,-0.7816345692,21.2179145813,0.0278846417,-0.9401727319,3.7195544243
51.4,2.836,-3.742,-0.6561624527,0.7553753043,-0.7941195965,19.7213516235,0.0280588083,-0.9398627281,3.7293686867
