0.1,0,0,0.7052337054,-0.0049902497
0.2,0,0,0.7052694988,-0.004891031
0.3,0,0,0.7051740115,-0.0049125743
0.4,0,0,0.7051542685,-0.0049688653
0.5,0,0,0.7051463858,-0.0049961154
0.6,0,0,0.7050581538,-0.005082688
0.7,0,0,0.70501741,-0.0051079553
0.8,0,0,0.7050058741,-0.005196652
0.9,0,0,0.7049312041,-0.005170785
1,0,0,0.7049323313,-0.0052918377
1.1,0,0,0.7050329669,-0.0053121143
1.2,0,0,0.7056880982,-0.0048784835
1.3,0,0,0.7071392657,-0.004325968
1.4,0,0,0.708707459,-0.00361388
1.5,0.001,0,0.7101190865,-0.0030260721
1.6,0.002,0,0.7125271754,-0.0026334663
1.7,0.005,0,0.715222568,-0.0022147288
1.8,0.008,0,0.7177983847,-0.0019584985
1.9,0.011,0,0.7210144607,-0.0016482609
2,0.014,0,0.7236905205,-0.0013343564
2.1,0.018,0,0.7283455908,-0.0011446516
2.2,0.022,0,0.7348639837,-0.0007565586
2.3,0.026,0,0.7424830352,0.000730254
2.4,0.032,0,0.7490743577,0.0010213663
2.5,0.038,0,0.7583475249,0.0010540728
2.6,0.045,0,0.7700627464,0.0007774869
2.7,0.053,0,0.7773372906,-0.0001110853
2.8,0.06,0,0.7909190067,-0.0008087378
2.9,0.068,0.001,0.80309965,-0.0024967372
3,0.076,0.001,0.8146160001,-0.004392214
3.1,0.085,0.001,0.8275822841,-0.0063025904
3.2,0.095,0.001,0.8354252257,-0.0080800768
3.3,0.104,0.001,0.8445024386,-0.009546083
3.4,0.114,0.001,0.8569107668,-0.0107119166
3.5,0.124,0.001,0.8706530206,-0.0122591834
3.6,0.134,0.001,0.885410438,-0.0139583434
3.7,0.144,0.001,0.8996065133,-0.0153049701
3.8,0.155,0.001,0.9102036472,-0.0154434405
3.9,0.166,0.001,0.9220826197,-0.0136760629
4,0.176,0.001,0.9315211492,-0.0123793131
4.1,0.187,0.001,0.9419807487,-0.0105812648
4.2,0.198,0.001,0.9539741111,-0.0078706513
4.3,0.21,0.001,0.9640222878,-0.0043565609
4.4,0.222,0.001,0.9751895999,-0.0010103267
4.5,0.235,0.001,0.9875385856,0.002379636
4.6,0.25,0.001,0.9995286293,0.006367704
4.7,0.265,0.001,1.0122114956,0.0110015464
4.8,0.281,0.002,1.0244917225,0.0152708187
4.9,0.297,0.002,1.0356344802,0.0181569839
5,0.314,0.003,1.0443052919,0.0211138724
5.1,0.33,0.004,1.0542144849,0.024306692
5.2,0.346,0.005,1.065034607,0.027302709
5.3,0.362,0.006,1.0765436303,0.0306968521
5.4,0.379,0.007,1.0881691889,0.0344047447
5.5,0.397,0.008,1.0875288373,0.037800899
5.6,0.414,0.009,1.0970740951,0.0399566051
5.7,0.432,0.011,1.1018630934,0.0431956364
5.8,0.451,0.012,1.108185196,0.0457474748
5.9,0.469,0.014,1.1109514012,0.0493866208
6,0.489,0.015,1.1181890504,0.0525809168
6.1,0.509,0.017,1.1311844831,0.05501071
6.2,0.53,0.019,1.1445081809,0.0567357304
6.3,0.553,0.021,1.1573506956,0.0591528779
6.4,0.578,0.024,1.1705327809,0.0619329363
6.5,0.603,0.026,1.177047462,0.063897195
6.6,0.629,0.029,1.1812579346,0.0660652738
6.7,0.656,0.032,1.1853458734,0.0676957332
6.8,0.683,0.034,1.196645566,0.0679139559
6.9,0.71,0.037,1.2091523561,0.0688561619
7,0.738,0.04,1.2192050494,0.0711610824
7.1,0.766,0.043,1.2258647462,0.0722985237
7.2,0.793,0.046,1.2384985582,0.0720863908
7.3,0.821,0.049,1.2517260989,0.0716354652
7.4,0.85,0.052,1.2656323868,0.0708204895
7.5,0.879,0.055,1.279822776,0.0699659419
7.6,0.909,0.057,1.2947665753,0.0700412401
7.7,0.94,0.06,1.3018984885,0.0714031298
7.8,0.971,0.063,1.3136534677,0.0708831376
7.9,1.003,0.066,1.3253487158,0.0705530764
8,1.035,0.069,1.3332246065,0.0717413226
8.1,1.067,0.072,1.3362781196,0.072876405
8.2,1.098,0.074,1.3440597183,0.0733158814
8.3,1.129,0.077,1.3564353317,0.0735374687
8.4,1.16,0.079,1.3652519123,0.0748901913
8.5,1.191,0.081,1.3872314994,0.0748060119
8.6,1.222,0.083,1.4083099732,0.0742234303
8.7,1.254,0.085,1.432990379,0.0747243397
8.8,1.285,0.087,1.454562975,0.0745059551
8.9,1.317,0.088,1.4678147018,0.0743581903
9,1.349,0.09,1.4801424126,0.0755737398
9.1,1.382,0.092,1.4865066955,0.0769953011
9.2,1.415,0.093,1.4934017765,0.0781913453
9.3,1.447,0.095,1.5058908037,0.0784979497
9.4,1.479,0.097,1.5184559629,0.0789950492
9.5,1.512,0.098,1.5317104506,0.0794334993
9.6,1.544,0.1,1.5451670506,0.0805488252
9.7,1.576,0.101,1.5529182737,0.0831340736
9.8,1.607,0.103,1.5664343925,0.0838233021
9.9,1.64,0.104,1.5728561374,0.0863947446
10,1.673,0.106,1.5788421642,0.0879329381
10.1,1.706,0.108,1.5913793249,0.0880984595
10.2,1.74,0.11,1.6044712036,0.0890518904
10.3,1.773,0.112,1.6112493107,0.0919239543
10.4,1.806,0.114,1.6177606076,0.0939250726
10.5,1.839,0.116,1.6302617081,0.0947121318
10.6,1.873,0.118,1.6369847352,0.0972405223
10.7,1.907,0.12,1.642781788,0.0991065056
10.8,1.941,0.121,1.6540068922,0.0998939189
10.9,1.975,0.122,1.6600438431,0.1017580394
11,2.009,0.124,1.6710593541,0.1026060092
11.1,2.043,0.125,1.6776329656,0.1037756421
11.2,2.077,0.127,1.6848217661,0.1049808644
11.3,2.111,0.128,1.6923545191,0.1061504851
11.4,2.144,0.13,1.7041214004,0.1064861393
11.5,2.178,0.131,1.70741967,0.1075688524
11.6,2.211,0.132,1.7148073489,0.1087677189
11.7,2.245,0.134,1.7223920763,0.1092267159
11.8,2.28,0.136,1.7342947386,0.1094188835
11.9,2.313,0.138,1.7430751977,0.1103104434
12,2.347,0.139,1.7512463572,0.1111479816
12.1,2.381,0.141,1.7586107953,0.1123707751
12.2,2.414,0.143,1.7658533301,0.1133711907
12.3,2.448,0.144,1.7734573888,0.1141927628
12.4,2.482,0.146,1.7844463985,0.1144822075
12.5,2.515,0.147,1.796660853,0.1145315445
12.6,2.547,0.149,1.8064313912,0.1151224925
12.7,2.58,0.15,1.8156226374,0.1158763111
12.8,2.613,0.152,1.8246619299,0.1166647664
12.9,2.646,0.153,1.8331923126,0.1170073043
13,2.679,0.154,1.8417501204,0.11770601
13.1,2.713,0.156,1.8497904479,0.1185786002
13.2,2.747,0.157,1.8573391124,0.1184308136
13.3,2.78,0.159,1.8648975711,0.1195547097
13.4,2.814,0.16,1.8730176664,0.1200202608
13.5,2.847,0.161,1.8810041052,0.1198903594
13.6,2.88,0.162,1.888718684,0.120274674
13.7,2.913,0.164,1.8959843677,0.1212770511
13.8,2.946,0.165,1.9031915684,0.121811063
13.9,2.979,0.166,1.9106781959,0.1224545156
14,3.013,0.167,1.9216069673,0.122627142
14.1,3.046,0.168,1.9326962485,0.1223253342
14.2,3.079,0.169,1.9440502139,0.1214327467
14.3,3.112,0.171,1.9520035063,0.1218786018
14.4,3.145,0.171,1.9590896483,0.1212926677
14.5,3.178,0.172,1.9690853102,0.1184864751
14.6,3.21,0.173,1.9794278926,0.1159062126
14.7,3.242,0.174,1.9893682558,0.1147674094
14.8,3.274,0.174,1.9980004642,0.1118974305
14.9,3.305,0.174,2.0079427438,0.1075744148
15,3.336,0.174,2.0146564677,0.1042357839
15.1,3.367,0.174,2.0248024964,0.1000688895
15.2,3.398,0.173,2.0343567722,0.0951943085
15.3,3.428,0.173,2.0428752551,0.0898043606
15.4,3.458,0.172,2.0510009507,0.0839107465
15.5,3.487,0.171,2.0549345308,0.078573646
15.6,3.515,0.169,2.0685815322,0.0701983709
15.7,3.542,0.167,2.0835564281,0.0614746178
15.8,3.566,0.165,2.1038539514,0.0523454041
15.9,3.587,0.163,2.124358158,0.0406172371
16,3.605,0.161,2.1285001154,0.0305156106
16.1,3.62,0.159,2.128320385,0.0180355798
16.2,3.633,0.158,2.1307954277,0.0057550267
16.3,3.644,0.156,2.1381206579,-0.0021097739
16.4,3.655,0.153,2.1401101909,-0.0135746751
16.5,3.665,0.151,2.140942839,-0.0252518994
16.6,3.676,0.148,2.1406959363,-0.0375039851
16.7,3.687,0.145,2.1402774004,-0.0494241213
16.8,3.699,0.141,2.140147414,-0.0625464829
16.9,3.71,0.137,2.1413603443,-0.0749448697
17,3.722,0.132,2.1443847602,-0.0882033744
17.1,3.732,0.128,2.1457919102,-0.09929412
17.2,3.742,0.123,2.1469322702,-0.1100537094
17.3,3.752,0.118,2.1463907767,-0.1231070458
17.4,3.763,0.113,2.1455916331,-0.1353884375
17.5,3.773,0.107,2.1446822344,-0.1467765372
17.6,3.783,0.101,2.143848873,-0.1567181273
17.7,3.792,0.095,2.1426369547,-0.1672923255
17.8,3.801,0.088,2.1401548775,-0.1783066498
17.9,3.81,0.082,2.1364114273,-0.188958604
18,3.819,0.075,2.1312021657,-0.1987733877
18.1,3.828,0.067,2.126757672,-0.2086888053
18.2,3.836,0.06,2.1227815075,-0.2164050569
18.3,3.844,0.052,2.1175121596,-0.2246728836
18.4,3.852,0.044,2.1119890068,-0.2331872765
18.5,3.859,0.036,2.1062070342,-0.2424794239
18.6,3.867,0.028,2.0999078355,-0.2522588747
18.7,3.874,0.02,2.094335001,-0.2604462494
18.8,3.88,0.012,2.0876709076,-0.2682734176
18.9,3.887,0.003,2.0808797662,-0.2765322821
19,3.893,-0.006,2.0728506005,-0.2847760401
19.1,3.899,-0.015,2.065390993,-0.2933686438
19.2,3.905,-0.024,2.0593147342,-0.3020675154
19.3,3.91,-0.034,2.054715913,-0.30972136
19.4,3.915,-0.044,2.048871076,-0.3179270607
19.5,3.921,-0.054,2.0423899052,-0.3265233158
19.6,3.926,-0.066,2.0368210853,-0.3380660174
19.7,3.932,-0.078,2.0316297152,-0.3496103914
19.8,3.937,-0.092,2.0267990463,-0.3580537342
19.9,3.943,-0.107,2.0226884318,-0.365875355
20,3.948,-0.124,2.0185584531,-0.374132353
20.1,3.954,-0.141,2.0134951644,-0.3812181989
20.2,3.959,-0.16,2.0098319409,-0.3896236928
20.3,3.964,-0.179,2.007082197,-0.3995840356
20.4,3.968,-0.2,2.0035417534,-0.4090752314
20.5,3.973,-0.222,1.9994592672,-0.417778643
20.6,3.977,-0.245,1.9961124013,-0.4259581239
20.7,3.98,-0.269,1.9930542994,-0.4351328983
20.8,3.984,-0.294,1.9902917413,-0.4442658369
20.9,3.987,-0.321,1.9865367546,-0.4546416502
21,3.99,-0.347,1.9823644487,-0.4640294366
21.1,3.992,-0.375,1.9796819679,-0.4717622096
21.2,3.994,-0.403,1.9773468574,-0.4804679222
21.3,3.995,-0.43,1.9753338763,-0.4881049693
21.4,3.996,-0.456,1.9721874319,-0.4979322461
21.5,3.997,-0.482,1.9689575864,-0.5085589514
21.6,3.997,-0.508,1.967010009,-0.5182386678
21.7,3.996,-0.533,1.9662816573,-0.5281778616
21.8,3.996,-0.558,1.9655241059,-0.537795832
21.9,3.995,-0.582,1.9648161223,-0.5469790666
22,3.994,-0.605,1.965043514,-0.5572233305
22.1,3.993,-0.627,1.9650068983,-0.5661232012
22.2,3.992,-0.648,1.9649607078,-0.5742339042
22.3,3.99,-0.669,1.9643315187,-0.5848187334
22.4,3.989,-0.69,1.9639490204,-0.5960696891
22.5,3.988,-0.711,1.9633105141,-0.6079783685
22.6,3.986,-0.732,1.9620829713,-0.6213003556
22.7,3.985,-0.755,1.9612757023,-0.6358322617
22.8,3.983,-0.779,1.960819851,-0.6483669049
22.9,3.981,-0.805,1.9596813031,-0.6599236233
23,3.979,-0.831,1.9584908957,-0.6701332899
23.1,3.977,-0.857,1.9578822219,-0.680046482
23.2,3.974,-0.882,1.9574412999,-0.688726793
23.3,3.972,-0.909,1.956586438,-0.699656833
23.4,3.97,-0.935,1.9546931642,-0.7113562289
23.5,3.967,-0.961,1.9534766472,-0.7176947879
23.6,3.964,-0.988,1.9534884199,-0.7253755845
23.7,3.962,-1.015,1.9549756653,-0.7334714039
23.8,3.959,-1.042,1.9543625721,-0.7505035416
23.9,3.956,-1.068,1.9526901493,-0.7645453508
24,3.953,-1.093,1.9525881834,-0.774284928
24.1,3.95,-1.118,1.9520958508,-0.7810447876
24.2,3.947,-1.144,1.9511675269,-0.7875809364
24.3,3.943,-1.17,1.9512227714,-0.7948170382
24.4,3.94,-1.196,1.9510624058,-0.8025622591
24.5,3.937,-1.222,1.9501511984,-0.8094215422
24.6,3.933,-1.248,1.9490173574,-0.8186395988
24.7,3.93,-1.274,1.9486314419,-0.827068775
24.8,3.926,-1.301,1.9478234173,-0.8343376801
24.9,3.923,-1.327,1.9478262967,-0.8406237162
25,3.919,-1.354,1.9488446272,-0.8460740265
25.1,3.915,-1.381,1.9494337792,-0.855514168
25.2,3.91,-1.406,1.9483049469,-0.8703164637
25.3,3.906,-1.432,1.946324517,-0.8831274544
25.4,3.902,-1.458,1.9457024705,-0.8947137693
25.5,3.898,-1.485,1.9460407001,-0.9070389152
25.6,3.893,-1.513,1.9456774052,-0.9182829259
25.7,3.888,-1.542,1.9449088076,-0.9286453067
25.8,3.883,-1.573,1.9454208286,-0.938288015
25.9,3.877,-1.606,1.9460950365,-0.9463773902
26,3.871,-1.639,1.9474223055,-0.9537053613
26.1,3.866,-1.672,1.9484744957,-0.9617023165
26.2,3.86,-1.705,1.9488622195,-0.9701784436
26.3,3.854,-1.737,1.9498827414,-0.9801572972
26.4,3.849,-1.769,1.9511639024,-0.9909914155
26.5,3.844,-1.801,1.9524939877,-1.0004741673
26.6,3.838,-1.833,1.9539254033,-1.0073635611
26.7,3.833,-1.864,1.9565825929,-1.0158957433
26.8,3.828,-1.896,1.9590082126,-1.0243878723
26.9,3.823,-1.927,1.9597734324,-1.043549873
27,3.818,-1.958,1.9619218612,-1.054623523
27.1,3.813,-1.988,1.9646137351,-1.0627003349
27.2,3.808,-2.019,1.9670387493,-1.0714973425
27.3,3.804,-2.05,1.9697026872,-1.0813699371
27.4,3.8,-2.08,1.9727166883,-1.0906434081
27.5,3.796,-2.112,1.9754936707,-1.1005408337
27.6,3.792,-2.144,1.9778773294,-1.1089816933
27.7,3.788,-2.175,1.9801820751,-1.1180632365
27.8,3.785,-2.207,1.9822543759,-1.1288335686
27.9,3.782,-2.238,1.9848239116,-1.1403148813
28,3.779,-2.269,1.987847767,-1.1520824621
28.1,3.776,-2.301,1.9911082653,-1.1643364022
28.2,3.774,-2.333,1.9943230557,-1.1771810116
28.3,3.771,-2.366,1.9961625684,-1.1881979475
28.4,3.769,-2.399,1.9983547369,-1.2013738221
28.5,3.767,-2.435,2.0005174747,-1.2165386621
28.6,3.765,-2.471,2.0018906318,-1.2294750923
28.7,3.764,-2.509,2.0032499764,-1.2434040185
28.8,3.762,-2.546,2.0051589769,-1.2641671565
28.9,3.761,-2.582,2.0080098808,-1.2959028605
29,3.76,-2.617,2.0112602708,-1.3255836445
29.1,3.759,-2.651,2.0131639609,-1.3438496498
29.2,3.758,-2.686,2.013581296,-1.3628249763
29.3,3.757,-2.721,2.0145155802,-1.4004190416
29.4,3.757,-2.758,2.0144160091,-1.4327537547
29.5,3.756,-2.797,2.015440948,-1.4464305321
29.6,3.755,-2.835,2.0150470469,-1.4615470539
29.7,3.755,-2.869,2.0131040736,-1.5058777121
29.8,3.754,-2.896,2.0100222854,-1.544024245
29.9,3.754,-2.92,2.004463931,-1.6060214439
30,3.754,-2.943,1.9979269252,-1.6417960509
30.1,3.753,-2.967,1.992509582,-1.6712569805
30.2,3.752,-2.994,1.9868109919,-1.6929313736
30.3,3.751,-3.023,1.9800274619,-1.7064049147
30.4,3.749,-3.053,1.9709583607,-1.7206756145
30.5,3.748,-3.08,1.9609265044,-1.7358740151
30.6,3.746,-3.105,1.9493994556,-1.7485172829
30.7,3.744,-3.127,1.936839225,-1.75917038
30.8,3.741,-3.147,1.9245158998,-1.7666279577
30.9,3.739,-3.166,1.9117416444,-1.7740599916
31,3.736,-3.184,1.8995737071,-1.7811633493
31.1,3.732,-3.203,1.8869535032,-1.7889545281
31.2,3.728,-3.222,1.873213153,-1.7968949757
31.3,3.723,-3.241,1.8598259582,-1.803959121
31.4,3.717,-3.262,1.8454684096,-1.8109338554
31.5,3.71,-3.282,1.8328504157,-1.8169495997
31.6,3.703,-3.302,1.8181782571,-1.8240592146
31.7,3.695,-3.323,1.8037514759,-1.8308028439
31.8,3.686,-3.343,1.7887867648,-1.8380338493
31.9,3.676,-3.363,1.7739352507,-1.8438910933
32,3.666,-3.383,1.7589730106,-1.8466000546
32.1,3.655,-3.403,1.7442851308,-1.8481977257
32.2,3.642,-3.424,1.7310596821,-1.8517797028
32.3,3.628,-3.445,1.7199509771,-1.85221562
32.4,3.614,-3.466,1.70757203,-1.8525755342
32.5,3.6,-3.486,1.696732423,-1.8523732518
32.6,3.584,-3.506,1.6876394085,-1.8505433143
32.7,3.569,-3.525,1.6757298681,-1.8489930592
32.8,3.554,-3.543,1.6631262336,-1.850226131
32.9,3.539,-3.559,1.6487435988,-1.8516487525
33,3.523,-3.576,1.6354724304,-1.8514961967
33.1,3.507,-3.591,1.6240444865,-1.8512636909
33.2,3.49,-3.607,1.61472703,-1.8500344393
33.3,3.472,-3.623,1.603681347,-1.8486181199
33.4,3.452,-3.639,1.5891936168,-1.8489035781
33.5,3.432,-3.654,1.5761179627,-1.8506381001
33.6,3.412,-3.669,1.5666491648,-1.8486862989
33.7,3.392,-3.683,1.5575318865,-1.8464130794
33.8,3.372,-3.695,1.5460986622,-1.8454938566
33.9,3.354,-3.707,1.5336495239,-1.8432015247
34,3.334,-3.718,1.5218931776,-1.840061353
34.1,3.315,-3.728,1.514476433,-1.8352607255
34.2,3.296,-3.737,1.5072716264,-1.8308605392
34.3,3.277,-3.747,1.4988419057,-1.8254694434
34.4,3.258,-3.755,1.4915842125,-1.8203536512
34.5,3.239,-3.763,1.4823847217,-1.8159578312
34.6,3.22,-3.77,1.4737790101,-1.8118229717
34.7,3.2,-3.776,1.4665302125,-1.8078436048
34.8,3.181,-3.782,1.4583417002,-1.8038232379
34.9,3.162,-3.787,1.4502312871,-1.800231344
35,3.141,-3.792,1.441744994,-1.796521527
35.1,3.117,-3.797,1.4331769093,-1.7937493564
35.2,3.093,-3.801,1.4232673601,-1.7920219632
35.3,3.07,-3.805,1.4106966813,-1.7903414844
35.4,3.044,-3.808,1.3975997955,-1.7888397981
35.5,3.016,-3.811,1.3818794027,-1.78716404
35.6,2.985,-3.813,1.3658785393,-1.7844011192
35.7,2.953,-3.815,1.3542824567,-1.7812116693
35.8,2.921,-3.815,1.3417526732,-1.7773994769
35.9,2.887,-3.816,1.3325808322,-1.7729807768
36,2.851,-3.815,1.324487048,-1.7681693482
36.1,2.814,-3.813,1.3117600104,-1.7641862671
36.2,2.777,-3.811,1.2965901786,-1.760238402
36.3,2.74,-3.808,1.2850926233,-1.7563030358
36.4,2.703,-3.804,1.2750350839,-1.7534453397
36.5,2.665,-3.799,1.2640359677,-1.7519523703
36.6,2.625,-3.793,1.2516579032,-1.7494669703
36.7,2.585,-3.786,1.2397691256,-1.7471592557
36.8,2.543,-3.779,1.2285093536,-1.7450072861
36.9,2.499,-3.77,1.2166626416,-1.7429727881
37,2.454,-3.76,1.2052228274,-1.7401973039
37.1,2.409,-3.75,1.1955331697,-1.7373362358
37.2,2.364,-3.74,1.1843517181,-1.7339331462
37.3,2.316,-3.728,1.1716788648,-1.7297894787
37.4,2.267,-3.716,1.1585180903,-1.7265741143
37.5,2.216,-3.703,1.149228599,-1.7234927538
37.6,2.164,-3.689,1.1397037364,-1.7193219964
37.7,2.11,-3.674,1.120694321,-1.7159729377
37.8,2.055,-3.659,1.0982675886,-1.7119910605
37.9,2.003,-3.644,1.077820887,-1.7069140607
38,1.95,-3.629,1.0573570226,-1.7040511248
38.1,1.897,-3.612,1.037110306,-1.7014864029
38.2,1.844,-3.595,1.02367257,-1.6995629148
38.3,1.79,-3.577,1.0101221821,-1.699240297
38.4,1.736,-3.559,0.9866693788,-1.6982111795
38.5,1.682,-3.541,0.9635267922,-1.6968663965
38.6,1.629,-3.523,0.941693733,-1.6959045413
38.7,1.576,-3.505,0.9192279579,-1.6966675297
38.8,1.524,-3.488,0.8990615308,-1.6962117786
38.9,1.473,-3.472,0.8791527243,-1.69336984
39,1.424,-3.456,0.8559876826,-1.6901636951
39.1,1.374,-3.441,0.8257703542,-1.6848522946
39.2,1.323,-3.426,0.787344193,-1.6760107336
39.3,1.272,-3.411,0.732659558,-1.6663504524
39.4,1.22,-3.397,0.6856663735,-1.6576981362
39.5,1.166,-3.382,0.6476940954,-1.6470607205
39.6,1.111,-3.366,0.6107960058,-1.6383803668
39.7,1.057,-3.351,0.5778931599,-1.6313098214
39.8,1.002,-3.336,0.5512316009,-1.623524519
39.9,0.948,-3.32,0.5253374547,-1.6164153414
40,0.895,-3.304,0.5039177716,-1.609242985
40.1,0.843,-3.288,0.4968534624,-1.602545374
40.2,0.791,-3.271,0.4872500595,-1.5958893657
40.3,0.738,-3.254,0.4761459834,-1.5904353973
40.4,0.686,-3.236,0.4628976455,-1.582304143
40.5,0.637,-3.219,0.4526112828,-1.5723244476
40.6,0.588,-3.201,0.4280273433,-1.5588474282
40.7,0.54,-3.183,0.3713484623,-1.5380945368
40.8,0.494,-3.165,0.3136537171,-1.5147406399
40.9,0.455,-3.149,0.2676544443,-1.4934086589
41,0.42,-3.135,0.2444864441,-1.4756950934
41.1,0.391,-3.122,0.2155152771,-1.4557211694
41.2,0.365,-3.11,0.1954434629,-1.4359612288
41.3,0.34,-3.097,0.159019235,-1.410316476
41.4,0.313,-3.082,0.1341023104,-1.388748299
41.5,0.285,-3.066,0.1055502833,-1.3622833761
41.6,0.256,-3.048,0.0799506034,-1.3359162641
41.7,0.226,-3.028,0.0564127052,-1.3109703614
41.8,0.197,-3.008,0.0350079139,-1.2856938415
41.9,0.168,-2.987,0.0226158998,-1.261809492
42,0.139,-2.964,0.0115693322,-1.2421626788
42.1,0.11,-2.94,0.0031618556,-1.2229774352
42.2,0.082,-2.915,-0.0020152264,-1.205068578
42.3,0.054,-2.89,-0.005992775,-1.1883807485
42.4,0.027,-2.864,-0.0071055064,-1.1720791699
42.5,0.002,-2.839,-0.0091219349,-1.1556618602
42.6,-0.021,-2.815,-0.0133725114,-1.1374797485
42.7,-0.043,-2.79,-0.0139810392,-1.1223991069
42.8,-0.065,-2.766,-0.0137119006,-1.1064526209
42.9,-0.086,-2.741,-0.0154208431,-1.0892767089
43,-0.105,-2.716,-0.0153946241,-1.0714915258
43.1,-0.125,-2.69,-0.0152998077,-1.0553635784
43.2,-0.143,-2.664,-0.0172077588,-1.0377340001
43.3,-0.161,-2.638,-0.0175988202,-1.0206642582
43.4,-0.178,-2.61,-0.0163954775,-1.0041838297
43.5,-0.195,-2.581,-0.0146773065,-0.9899908166
43.6,-0.212,-2.552,-0.0135181832,-0.9738972245
43.7,-0.228,-2.522,-0.0129274925,-0.9571365637
43.8,-0.242,-2.492,-0.0108464292,-0.9431262824
43.9,-0.256,-2.463,-0.0086868031,-0.928177213
44,-0.269,-2.433,-0.0048629291,-0.9139553697
44.1,-0.282,-2.402,-0.0017768974,-0.9000831424
44.2,-0.293,-2.372,0.0014342228,-0.8853921146
44.3,-0.304,-2.342,0.0059285751,-0.8728080345
44.4,-0.313,-2.311,0.0097715456,-0.8598463958
44.5,-0.323,-2.279,0.0125311532,-0.8459547943
44.6,-0.331,-2.248,0.0159667835,-0.8322695133
44.7,-0.338,-2.217,0.0196904154,-0.8188891799
44.8,-0.344,-2.186,0.0229178475,-0.8055940527
44.9,-0.35,-2.153,0.0268305211,-0.7932056102
45,-0.355,-2.12,0.0306940342,-0.7807345271
45.1,-0.359,-2.084,0.0344009993,-0.7676136145
45.2,-0.363,-2.047,0.0379247212,-0.7547486413
45.3,-0.366,-2.01,0.041469232,-0.7426694754
45.4,-0.368,-1.972,0.0459495258,-0.7305600556
45.5,-0.369,-1.934,0.0508649019,-0.7185801022
45.6,-0.37,-1.894,0.0545806221,-0.7063249476
45.7,-0.369,-1.852,0.0565843257,-0.6920697314
45.8,-0.367,-1.809,0.0596413901,-0.6744850659
45.9,-0.365,-1.766,0.0642263053,-0.6598498047
46,-0.362,-1.722,0.0679309282,-0.6479719866
46.1,-0.357,-1.677,0.0710184314,-0.6336663984
46.2,-0.352,-1.632,0.0750646088,-0.6194796462
46.3,-0.346,-1.586,0.0799179224,-0.6032123736
46.4,-0.339,-1.539,0.0840967715,-0.5882330827
46.5,-0.331,-1.493,0.0871404127,-0.5716787764
46.6,-0.322,-1.446,0.0891250188,-0.556580915
46.7,-0.313,-1.399,0.0899449003,-0.5450275233
46.8,-0.302,-1.35,0.0912607689,-0.5314058602
46.9,-0.291,-1.3,0.0932621877,-0.516314867
47,-0.279,-1.251,0.0992799222,-0.4909517286
47.1,-0.267,-1.202,0.1005574204,-0.4701122957
47.2,-0.254,-1.152,0.101914136,-0.4479750385
47.3,-0.24,-1.102,0.1041200691,-0.4265549281
47.4,-0.226,-1.052,0.10818353,-0.4092660131
47.5,-0.211,-1,0.1125257352,-0.3888788965
47.6,-0.196,-0.948,0.1146312208,-0.362868984
47.7,-0.18,-0.896,0.1170735971,-0.3446719419
47.8,-0.164,-0.844,0.1211001021,-0.3288093209
47.9,-0.147,-0.793,0.1237882571,-0.3147586506
48,-0.13,-0.742,0.1251749573,-0.2906366906
48.1,-0.113,-0.69,0.1280113019,-0.2671491337
48.2,-0.096,-0.639,0.1312882373,-0.2413213275
48.3,-0.078,-0.589,0.1337577957,-0.216861972
48.4,-0.06,-0.538,0.1376969592,-0.1980601384
48.5,-0.041,-0.485,0.1421032389,-0.1783438605
48.6,-0.022,-0.433,0.1455605058,-0.1500529026
48.7,-0.003,-0.382,0.1490344359,-0.1244995394
48.8,0.016,-0.332,0.1509758314,-0.1063727077
48.9,0.036,-0.282,0.1541412799,-0.0983179452
49,0.055,-0.232,0.1583618693,-0.0817848313
49.1,0.076,-0.181,0.1607435449,-0.0519285929
49.2,0.096,-0.131,0.1628519755,-0.0335926446
49.3,0.117,-0.08,0.1685048787,-0.0108686526
49.4,0.138,-0.029,0.175669285,0.0284240904
49.5,0.157,0.02,0.1812457119,0.0565264511
49.6,0.177,0.067,0.1882190405,0.0687584989
49.7,0.196,0.113,0.1968747867,0.0806498579
49.8,0.215,0.159,0.2061637772,0.1009356826
49.9,0.235,0.205,0.214611691,0.1147402825
50,0.255,0.25,0.2220470643,0.1273434102
50.1,0.275,0.296,0.2299482175,0.1337372989
50.2,0.297,0.341,0.2375705952,0.1348418799
50.3,0.318,0.386,0.2474186025,0.1367192238
50.4,0.34,0.43,0.2615489812,0.153943554
50.5,0.362,0.472,0.2779037264,0.1720029455
50.6,0.383,0.513,0.2967021291,0.1951502144
50.7,0.403,0.55,0.3166015699,0.2118931316
50.8,0.423,0.585,0.3355914983,0.221230222
50.9,0.442,0.617,0.3547727405,0.2331505189
51,0.458,0.642,0.3726713562,0.2437497702
51.1,0.478,0.67,0.3849998945,0.244430533
51.2,0.499,0.699,0.4003765257,0.245958745
51.3,0.521,0.727,0.4192205764,0.250100499
51.4,0.542,0.753,0.4391911815,0.2571796064
51.5,0.562,0.775,0.4542090846,0.2596655492
51.6,0.579,0.793,0.4659177217,0.2590784214
51.7,0.594,0.809,0.4792430931,0.2601213248
51.8,0.608,0.823,0.4914200465,0.262073847
51.9,0.622,0.836,0.5019857613,0.2648114299
52,0.637,0.849,0.5143918279,0.2668976383
52.1,0.651,0.86,0.525859925,0.2676651734
52.2,0.666,0.872,0.5440704195,0.2698776375
52.3,0.68,0.882,0.5525840078,0.270327275
52.4,0.693,0.891,0.5610940284,0.2705147735
52.5,0.705,0.898,0.5696002638,0.270725444
52.6,0.714,0.904,0.5815240439,0.2704881319
52.7,0.722,0.909,0.5934761627,0.2698630666
52.8,0.728,0.912,0.6060579265,0.2676952353
52.9,0.734,0.915,0.6172156489,0.2641192232
53,0.739,0.917,0.6266198247,0.2600530481
53.1,0.743,0.919,0.6322008637,0.2557269566
53.2,0.747,0.921,0.6367573583,0.2502348579
53.3,0.752,0.922,0.645949399,0.2469433875
53.4,0.756,0.924,0.6483834032,0.2382724181
53.5,0.761,0.925,0.6547090772,0.2316888903
53.6,0.765,0.927,0.6629702608,0.2266195572
53.7,0.77,0.928,0.6655325606,0.2178358088
53.8,0.775,0.929,0.670155377,0.2114107627
53.9,0.78,0.93,0.6747834296,0.2042565203
54,0.785,0.931,0.6810941986,0.1973333617
54.1,0.789,0.932,0.6863670549,0.1892208185
54.2,0.794,0.932,0.6920125209,0.1822392183
54.3,0.799,0.933,0.6963701197,0.1733168728
54.4,0.804,0.933,0.7015262999,0.1662340548
54.5,0.808,0.933,0.7050581909,0.1618814785
54.6,0.813,0.933,0.7084245406,0.1594073571
54.7,0.817,0.933,0.7154011466,0.1569643559
54.8,0.822,0.933,0.7201200255,0.1581479135
54.9,0.827,0.932,0.7257090587,0.1583439656
55,0.83,0.932,0.7529051727,0.1426087918
55.1,0.832,0.932,0.7620849149,0.1345849925
55.2,0.833,0.932,0.7649842058,0.1301017745
55.3,0.835,0.932,0.7694258045,0.1229285607
55.4,0.836,0.931,0.773053594,0.1156318312
55.5,0.838,0.931,0.7794594426,0.1102291983
55.6,0.84,0.931,0.7858197314,0.1035998665
55.7,0.843,0.931,0.7910293284,0.0984664367
55.8,0.846,0.93,0.7925994447,0.0942044183
55.9,0.849,0.93,0.7942219961,0.093910554
56,0.852,0.929,0.7935600683,0.0926929914
56.1,0.854,0.929,0.7934662562,0.0909749866
56.2,0.856,0.928,0.7943055633,0.0886491854
56.3,0.856,0.928,0.7956461034,0.0885853799
56.4,0.857,0.928,0.7973584212,0.0856626694
56.5,0.858,0.928,0.8003206323,0.0770736723
56.6,0.859,0.928,0.8028054898,0.0749428277
56.7,0.861,0.927,0.8056526727,0.0689360681
56.8,0.863,0.927,0.8082938074,0.059939429
56.9,0.866,0.926,0.8104205536,0.0583852671
57,0.869,0.926,0.8113201398,0.0538816088
57.1,0.872,0.925,0.8120192666,0.0502774664
57.2,0.874,0.924,0.8121315197,0.0438264412
57.3,0.877,0.924,0.812298277,0.0378100297
57.4,0.879,0.923,0.8120860397,0.0327867906
57.5,0.88,0.923,0.8121987984,0.0294534849
57.6,0.882,0.922,0.8118247387,0.0249587417
57.7,0.884,0.921,0.8091288947,0.0205846492
57.8,0.886,0.921,0.8082489166,0.0183222023
57.9,0.887,0.92,0.8081121346,0.0172835297
58,0.889,0.92,0.8067390611,0.0175256803
58.1,0.89,0.919,0.805332135,0.0191024034
58.2,0.891,0.919,0.8052298158,0.0169638839
58.3,0.892,0.919,0.8074602488,0.0144579895
58.4,0.892,0.919,0.806317232,0.0139022994
58.5,0.892,0.919,0.8074068806,0.0112882729
58.6,0.892,0.919,0.8065350743,0.0069249145
58.7,0.892,0.919,0.8066415147,0.0066278264
58.8,0.892,0.919,0.8053908264,0.0063793366
58.9,0.892,0.919,0.8062026135,0.0063678652
59,0.892,0.919,0.8057753464,0.0044607026
59.1,0.892,0.919,0.8057562538,0.0021218136
59.2,0.892,0.919,0.8058743852,-0.0002696969
59.3,0.892,0.919,0.8056683272,-0.0030518321
59.4,0.892,0.919,0.8053369916,-0.0059697007
59.5,0.892,0.919,0.8055651688,-0.0082674416
59.6,0.892,0.919,0.8052508846,-0.0160017655
59.7,0.892,0.919,0.8050164488,-0.0191461378
59.8,0.893,0.918,0.8049672159,-0.0219505855
59.9,0.893,0.918,0.8056469161,-0.0262015735
60,0.893,0.918,0.8061664623,-0.0275713937
60.1,0.893,0.918,0.8063394517,-0.0266819667
60.2,0.893,0.918,0.8061408148,-0.0272395018
60.3,0.893,0.918,0.805698013,-0.0279580797
60.4,0.893,0.918,0.8058865613,-0.0288301857
60.5,0.893,0.918,0.8058725239,-0.0295236142
60.6,0.893,0.918,0.8067556328,-0.0331386026
60.7,0.893,0.918,0.8071909489,-0.0350686805
60.8,0.893,0.918,0.8076979017,-0.0379882116
60.9,0.893,0.918,0.8079451076,-0.0395878793
61,0.893,0.918,0.8082377768,-0.0404577742
61.1,0.893,0.918,0.8081963505,-0.0407732169
61.2,0.893,0.918,0.8081108083,-0.0414439681
61.3,0.893,0.918,0.8084754132,-0.0434218345
61.4,0.893,0.918,0.8087785074,-0.0453149895
61.5,0.893,0.918,0.8090940831,-0.046829673
61.6,0.893,0.918,0.8090023415,-0.0476738373
61.7,0.893,0.918,0.8092373562,-0.0477393879
61.8,0.893,0.918,0.8089059463,-0.0487176399
61.9,0.893,0.918,0.8091860803,-0.0505454082
62,0.893,0.918,0.8091073279,-0.0525882227
62.1,0.893,0.918,0.8091400999,-0.0538531986
62.2,0.893,0.918,0.8089450998,-0.0538737271
62.3,0.893,0.918,0.8087011873,-0.0534452285
62.4,0.893,0.918,0.8087156629,-0.0541289813
62.5,0.893,0.918,0.8089798652,-0.0552363132
62.6,0.893,0.918,0.809233732,-0.0559453405
62.7,0.893,0.918,0.8090867426,-0.0569513503
62.8,0.893,0.918,0.8089537773,-0.0575411163
62.9,0.893,0.918,0.8087328594,-0.0572024868
63,0.893,0.918,0.808179093,-0.057758277
63.1,0.893,0.918,0.8079697891,-0.0591773674
63.2,0.893,0.918,0.8081643924,-0.0603994166
63.3,0.893,0.918,0.8081125327,-0.0612285955
63.4,0.893,0.918,0.8079279427,-0.061763279
63.5,0.893,0.918,0.8072502252,-0.0602713303
63.6,0.893,0.918,0.8068246679,-0.0623022668
63.7,0.893,0.918,0.8065803078,-0.0637296879
63.8,0.893,0.918,0.8063066254,-0.0648629567
63.9,0.893,0.918,0.806128989,-0.0653280845
64,0.893,0.918,0.8057162285,-0.0646477443
64.1,0.893,0.918,0.8052027702,-0.0658172444
64.2,0.893,0.918,0.8049523573,-0.0672041951
64.3,0.893,0.918,0.8044217854,-0.0692018933
64.4,0.893,0.918,0.8041099941,-0.0701114616
64.5,0.893,0.918,0.8037750674,-0.0709970553
64.6,0.893,0.918,0.8031027055,-0.070342904
64.7,0.893,0.918,0.8027717707,-0.0719317616
64.8,0.893,0.918,0.8025984271,-0.073028865
64.9,0.893,0.918,0.8020599001,-0.0745414393
65,0.893,0.918,0.8019192974,-0.0757428342
65.1,0.893,0.918,0.8012620786,-0.0762479791
65.2,0.893,0.918,0.8010628061,-0.0774386398
65.3,0.893,0.918,0.8002177279,-0.0783118749
65.4,0.893,0.918,0.7994663155,-0.080757254
65.5,0.893,0.918,0.7988762015,-0.0825080262
65.6,0.893,0.918,0.7987731225,-0.0839943836
65.7,0.893,0.918,0.7988445381,-0.0859921966
65.8,0.893,0.918,0.7996621049,-0.090007833
65.9,0.894,0.918,0.801614633,-0.0944285001
66,0.894,0.918,0.8042564868,-0.0989217593
66.1,0.895,0.917,0.8080110977,-0.1032401237
66.2,0.897,0.916,0.8088321386,-0.1058108523
66.3,0.901,0.915,0.8102378706,-0.1077150172
66.4,0.905,0.913,0.8129195658,-0.11241981
66.5,0.909,0.911,0.8172083062,-0.1163160804
66.6,0.913,0.909,0.8226614368,-0.1212796507
66.7,0.917,0.907,0.8289742732,-0.1253299916
66.8,0.923,0.905,0.8332174597,-0.1272270538
66.9,0.93,0.901,0.8365924962,-0.1315748515
67,0.939,0.897,0.840066049,-0.1351601764
67.1,0.948,0.893,0.8434667317,-0.1369013614
67.2,0.957,0.888,0.8463797839,-0.1391826065
67.3,0.966,0.884,0.8510979533,-0.1400387871
67.4,0.973,0.881,0.857557642,-0.1405392061
67.5,0.981,0.877,0.8654236883,-0.14242272
67.6,0.988,0.873,0.8751531978,-0.1442316765
67.7,0.996,0.869,0.8852485803,-0.1467063553
67.8,1.007,0.865,0.8965368206,-0.1481856061
67.9,1.019,0.859,0.9093963264,-0.1489432455
68,1.032,0.852,0.9252780512,-0.1501973236
68.1,1.048,0.845,0.9435750255,-0.1536945246
68.2,1.065,0.837,0.9631418138,-0.1564877904
68.3,1.084,0.829,0.9832210925,-0.1601303194
68.4,1.105,0.819,1.0049712123,-0.1631646495
68.5,1.128,0.809,1.0225358293,-0.1635341601
68.6,1.152,0.798,1.0400720075,-0.165898954
68.7,1.179,0.786,1.0575485572,-0.1666520389
68.8,1.206,0.774,1.0751273998,-0.1671014428
68.9,1.236,0.761,1.0910997913,-0.168272815
69,1.266,0.748,1.1064744466,-0.1676939857
69.1,1.298,0.734,1.1221901689,-0.1669243732
69.2,1.33,0.72,1.1364304203,-0.1676818831
69.3,1.363,0.706,1.1519437968,-0.1684985752
69.4,1.397,0.691,1.1695563977,-0.1686381999
69.5,1.43,0.676,1.1801622334,-0.1654320977
69.6,1.465,0.661,1.1882539663,-0.1615578465
69.7,1.5,0.645,1.1966905429,-0.159450403
69.8,1.535,0.629,1.2066624672,-0.158837171
69.9,1.57,0.614,1.2200980405,-0.1583716634
70,1.606,0.597,1.2333984546,-0.159038295
70.1,1.641,0.581,1.2476033167,-0.159909246
70.2,1.677,0.564,1.2609072033,-0.1597983471
70.3,1.714,0.547,1.2743922344,-0.1597637948
70.4,1.751,0.529,1.2903068228,-0.1619534203
70.5,1.789,0.511,1.3094766936,-0.164780165
70.6,1.826,0.493,1.3280110001,-0.1688665
70.7,1.863,0.475,1.3440934216,-0.1708588895
70.8,1.901,0.457,1.3609921737,-0.1719112154
70.9,1.939,0.438,1.3776701414,-0.1720792638
71,1.976,0.42,1.3930754341,-0.1708854403
71.1,2.015,0.401,1.4076569478,-0.1706507793
71.2,2.056,0.382,1.4211075711,-0.1706137541
71.3,2.095,0.362,1.4348371498,-0.1701704668
71.4,2.136,0.343,1.4477356931,-0.1673824004
71.5,2.175,0.323,1.4646155656,-0.1681812104
71.6,2.212,0.305,1.4942901033,-0.175395996
71.7,2.247,0.288,1.5121381808,-0.1752758993
71.8,2.282,0.271,1.5318341798,-0.173022218
71.9,2.317,0.254,1.5526180854,-0.1712917524
72,2.356,0.236,1.5764409712,-0.1724439154
72.1,2.396,0.217,1.5985376064,-0.1702520004
72.2,2.438,0.198,1.6210536806,-0.1696370716
72.3,2.482,0.177,1.650389891,-0.1687624096
72.4,2.529,0.157,1.6694376313,-0.1672184122
72.5,2.576,0.135,1.6931546125,-0.1632378955
72.6,2.625,0.114,1.7148464824,-0.1608231308
72.7,2.675,0.092,1.7244192254,-0.15783676
72.8,2.727,0.069,1.7321496326,-0.1543324112
72.9,2.78,0.046,1.74859219,-0.1524087096
73,2.833,0.024,1.7659236869,-0.1512229729
73.1,2.887,0.001,1.7792002162,-0.1474961648
73.2,2.94,-0.021,1.7884751913,-0.1439069264
73.3,2.992,-0.042,1.8067941674,-0.1415862052
73.4,3.046,-0.064,1.8344110917,-0.1414365004
73.5,3.1,-0.085,1.8624212649,-0.1403356956
73.6,3.154,-0.106,1.8877914558,-0.1390069798
73.7,3.207,-0.128,1.9139118437,-0.1400547345
73.8,3.26,-0.149,1.9411703084,-0.1408736032
73.9,3.314,-0.17,1.9680627239,-0.1391572786
74,3.367,-0.191,1.985746356,-0.1368701704
74.1,3.42,-0.212,1.9951620546,-0.1349739568
74.2,3.473,-0.233,2.0044676485,-0.1318246148
74.3,3.526,-0.253,2.0155247343,-0.129518003
74.4,3.579,-0.274,2.0294333492,-0.1295126427
74.5,3.631,-0.294,2.0444678378,-0.1287018988
74.6,3.683,-0.315,2.0642193099,-0.1291437312
74.7,3.735,-0.336,2.0884563711,-0.1340892697
74.8,3.787,-0.357,2.1091670301,-0.1418719502
74.9,3.839,-0.379,2.1303360515,-0.1496555699
75,3.891,-0.401,2.1466456132,-0.1588286924
75.1,3.94,-0.422,2.1703969599,-0.1702728902
75.2,3.988,-0.444,2.196143628,-0.1808504885
75.3,4.035,-0.465,2.2187037135,-0.1919130534
75.4,4.08,-0.486,2.2455410601,-0.2027600873
75.5,4.124,-0.508,2.2657232908,-0.2144244667
75.6,4.166,-0.529,2.2846651828,-0.2251316055
75.7,4.206,-0.55,2.3016124441,-0.2369589561
75.8,4.245,-0.572,2.3166613862,-0.2496850746
75.9,4.283,-0.594,2.3251518874,-0.2617334576
76,4.318,-0.616,2.3371609548,-0.2765776739
76.1,4.351,-0.636,2.3563659247,-0.2947949861
76.2,4.379,-0.655,2.3697648892,-0.3135289657
76.3,4.406,-0.674,2.3772745085,-0.3298039152
76.4,4.429,-0.691,2.3777945626,-0.3407353743
76.5,4.449,-0.707,2.3822848299,-0.3560472935
76.6,4.465,-0.719,2.3874752191,-0.3748133133
76.7,4.481,-0.733,2.3908743871,-0.3948401591
76.8,4.498,-0.748,2.391941464,-0.414071607
76.9,4.51,-0.76,2.3946871966,-0.4268276399
77,4.521,-0.771,2.3961694542,-0.4383179302
77.1,4.529,-0.78,2.397249491,-0.448662576
77.2,4.537,-0.789,2.3982627449,-0.4595128982
77.3,4.546,-0.801,2.3993304405,-0.4739853986
77.4,4.552,-0.808,2.4004517356,-0.4890409875
77.5,4.56,-0.819,2.403387491,-0.5054822777
77.6,4.568,-0.83,2.4044244795,-0.5197368129
77.7,4.576,-0.842,2.4052339399,-0.5334506367
77.8,4.583,-0.854,2.4062880142,-0.5500847048
77.9,4.59,-0.868,2.4060758843,-0.566579261
78,4.597,-0.882,2.4051504093,-0.5815242033
78.1,4.604,-0.896,2.4050268,-0.5960817666
78.2,4.611,-0.912,2.4050696797,-0.6107173938
78.3,4.617,-0.926,2.4057120678,-0.6294499478
78.4,4.621,-0.938,2.40378115,-0.6461178738
78.5,4.625,-0.951,2.3989448982,-0.657227348
78.6,4.629,-0.964,2.3926722654,-0.666280915
78.7,4.633,-0.977,2.3866765616,-0.674288827
78.8,4.636,-0.99,2.3812206392,-0.6810515563
78.9,4.639,-1.003,2.3767049551,-0.6903551307
79,4.641,-1.015,2.370464169,-0.7032163883
79.1,4.643,-1.026,2.363165266,-0.7155741456
79.2,4.644,-1.039,2.3564654425,-0.7315625812
79.3,4.645,-1.051,2.349967088,-0.7467645913
79.4,4.646,-1.062,2.3420798618,-0.7621801373
79.5,4.646,-1.074,2.3341745903,-0.7750732502
79.6,4.646,-1.087,2.3269413472,-0.7846834099
79.7,4.646,-1.1,2.3203449214,-0.793543315
79.8,4.645,-1.115,2.3155105568,-0.802476216
79.9,4.643,-1.131,2.3115557171,-0.8113044346
80,4.641,-1.148,2.3069049059,-0.8219716011
80.1,4.638,-1.167,2.3022620708,-0.8330141174
80.2,4.634,-1.187,2.297997283,-0.8436093865
80.3,4.629,-1.209,2.2942332697,-0.8554218043
80.4,4.624,-1.232,2.2907015057,-0.8672759526
80.5,4.617,-1.258,2.2873060921,-0.8794953494
80.6,4.609,-1.285,2.2837013944,-0.8954361386
80.7,4.6,-1.313,2.2804099593,-0.9063234783
80.8,4.589,-1.342,2.2768792056,-0.9159707729
80.9,4.578,-1.373,2.2735367308,-0.926217738
81,4.565,-1.406,2.2704701968,-0.9359958184
81.1,4.552,-1.439,2.2671962991,-0.9453989544
81.2,4.537,-1.472,2.2634523277,-0.9549388456
81.3,4.521,-1.507,2.2597792162,-0.9661272397
81.4,4.504,-1.541,2.2553164207,-0.9781758757
81.5,4.485,-1.576,2.2506041353,-0.9900107586
81.6,4.466,-1.612,2.246124521,-0.9974360846
81.7,4.444,-1.649,2.2404803193,-1.0162080698
81.8,4.423,-1.686,2.2352356708,-1.0385677074
81.9,4.4,-1.723,2.2306409272,-1.0621109225
82,4.375,-1.762,2.2257295819,-1.0840713765
82.1,4.349,-1.801,2.2239469909,-1.0951551564
82.2,4.322,-1.839,2.2230949504,-1.1176141505
82.3,4.295,-1.877,2.22470008,-1.1438037973
82.4,4.266,-1.916,2.2254504282,-1.1781129452
82.5,4.236,-1.956,2.2265113104,-1.2188968772
82.6,4.205,-1.997,2.229037796,-1.2560910813
82.7,4.172,-2.039,2.2259127239,-1.2878550112
82.8,4.137,-2.084,2.2285312426,-1.3240823581
82.9,4.102,-2.13,2.2350580274,-1.3489828739
83,4.067,-2.177,2.2318204981,-1.3813455111
83.1,4.032,-2.223,2.2321381017,-1.4120654732
83.2,3.998,-2.269,2.2368659691,-1.4444025051
83.3,3.965,-2.315,2.2349948106,-1.4743528288
83.4,3.931,-2.361,2.2353661466,-1.5058464772
83.5,3.899,-2.407,2.2414948457,-1.5426214786
83.6,3.866,-2.453,2.242114535,-1.5748258585
83.7,3.833,-2.501,2.2424721232,-1.6067008002
83.8,3.8,-2.548,2.2487858504,-1.6371547059
83.9,3.767,-2.596,2.2519989018,-1.6729155824
84,3.735,-2.644,2.2524551068,-1.7086707329
84.1,3.703,-2.691,2.2580079796,-1.7427156187
84.2,3.671,-2.739,2.2636010279,-1.7753428686
84.3,3.64,-2.786,2.2647284993,-1.8058953661
84.4,3.61,-2.834,2.268311148,-1.8351183206
84.5,3.578,-2.884,2.2744820484,-1.8694808078
84.6,3.547,-2.933,2.2778437727,-1.904440318
84.7,3.517,-2.982,2.2803370891,-1.9358836334
84.8,3.486,-3.031,2.2858654018,-1.9687224239
84.9,3.457,-3.079,2.2912835123,-1.9988665474
85,3.427,-3.128,2.2950804566,-2.0266465236
85.1,3.397,-3.176,2.3002641019,-2.0521215751
85.2,3.368,-3.226,2.305531153,-2.0834193748
85.3,3.338,-3.275,2.3091140585,-2.0555126398
85.4,3.309,-3.325,2.311261781,-2.0358579974
85.5,3.281,-3.375,2.3141277877,-2.0224506838
85.6,3.252,-3.426,2.3181235866,-2.020145554
85.7,3.224,-3.475,2.3187820546,-2.0197381858
85.8,3.196,-3.525,2.3187426194,-2.0206022493
85.9,3.169,-3.575,2.3188991097,-2.0273920049
86,3.142,-3.625,2.3164501725,-2.0454623649
86.1,3.114,-3.676,2.3113430772,-2.0761051047
86.2,3.086,-3.727,2.3063175209,-2.1265771661
86.3,3.059,-3.775,2.2999066481,-2.1769759266
86.4,3.034,-3.82,2.2883216527,-2.2152592976
86.5,3.009,-3.863,2.2754829141,-2.2572281193
86.6,2.986,-3.902,2.2650918681,-2.3100446626
86.7,2.965,-3.936,2.2551635627,-2.3596792902
86.8,2.946,-3.965,2.246635382,-2.4006721252
86.9,2.93,-3.989,2.2371883209,-2.4399463969
87,2.917,-4.006,2.2229626788,-2.474102784
87.1,2.907,-4.019,2.2056891923,-2.4961704325
87.2,2.898,-4.03,2.1882569686,-2.517231626
87.3,2.888,-4.041,2.1698666281,-2.5432465136
87.4,2.877,-4.054,2.15109708,-2.5686532992
87.5,2.864,-4.066,2.1320807655,-2.5942679669
87.6,2.85,-4.079,2.1145087061,-2.6144421822
87.7,2.836,-4.092,2.0946385032,-2.6360830275
87.8,2.821,-4.105,2.0761849552,-2.6512102651
87.9,2.805,-4.117,2.0596125502,-2.6589100162
88,2.789,-4.129,2.0426737393,-2.6643007614
88.1,2.772,-4.141,2.0239045155,-2.6683962233
88.2,2.754,-4.152,2.0064913649,-2.673195754
88.3,2.735,-4.164,1.9900934435,-2.671125603
88.4,2.716,-4.175,1.9740848131,-2.6675411362
88.5,2.696,-4.185,1.9592548782,-2.6634918934
88.6,2.678,-4.194,1.9442332371,-2.6593362096
88.7,2.659,-4.203,1.9308681714,-2.652622885
88.8,2.64,-4.211,1.9184697844,-2.6437164487
88.9,2.622,-4.218,1.9051089204,-2.6368895015
89,2.603,-4.224,1.8907255958,-2.6312153099
89.1,2.586,-4.23,1.8764972698,-2.6258006254
89.2,2.567,-4.236,1.8619335833,-2.6230184242
89.3,2.548,-4.241,1.8482393102,-2.6172573352
89.4,2.529,-4.245,1.8353099118,-2.6112615711
89.5,2.508,-4.25,1.8227877236,-2.6062723621
89.6,2.485,-4.253,1.8120861291,-2.5987519981
89.7,2.462,-4.257,1.7974123324,-2.5973489573
89.8,2.438,-4.26,1.7826627105,-2.5959227776
89.9,2.413,-4.262,1.7709356073,-2.5899102051
90,2.387,-4.263,1.7547104698,-2.5882036282
90.1,2.358,-4.264,1.7403338086,-2.5841212246
90.2,2.329,-4.264,1.7265949039,-2.5807110227
90.3,2.299,-4.263,1.7140821598,-2.5770232733
90.4,2.268,-4.261,1.7016480475,-2.5721628107
90.5,2.236,-4.259,1.6906102184,-2.5683633226
90.6,2.202,-4.256,1.6798153139,-2.5668640432
90.7,2.168,-4.251,1.6673383296,-2.5671935312
90.8,2.133,-4.246,1.6546171308,-2.5648572814
90.9,2.097,-4.24,1.643945909,-2.5628270656
91,2.061,-4.233,1.6348489024,-2.5601256024
91.1,2.023,-4.224,1.6224988464,-2.5575391259
91.2,1.985,-4.215,1.6064075482,-2.5557461163
91.3,1.945,-4.205,1.5926706493,-2.5528961898
91.4,1.905,-4.193,1.5809287741,-2.5480932899
91.5,1.865,-4.181,1.5705857066,-2.5439364589
91.6,1.825,-4.168,1.5587856288,-2.5385896251
91.7,1.786,-4.154,1.5473359396,-2.5361131092
91.8,1.747,-4.139,1.5333670291,-2.5316465356
91.9,1.708,-4.124,1.5181047172,-2.5259607113
92,1.671,-4.108,1.5046500238,-2.5227459707
92.1,1.633,-4.09,1.4931824004,-2.5191700392
92.2,1.595,-4.072,1.4823975765,-2.5155816447
92.3,1.557,-4.052,1.471898873,-2.514086227
92.4,1.518,-4.031,1.4537577817,-2.5132246972
92.5,1.48,-4.009,1.4330510005,-2.5115135606
92.6,1.44,-3.986,1.4120147941,-2.5107466301
92.7,1.4,-3.962,1.3904444453,-2.5114316987
92.8,1.36,-3.936,1.3743706462,-2.5119720903
92.9,1.318,-3.909,1.3568422332,-2.5112834739
93,1.276,-3.881,1.3413957999,-2.5083516808
93.1,1.233,-3.851,1.3264188225,-2.5062632341
93.2,1.188,-3.82,1.3070613592,-2.5055971334
93.3,1.143,-3.788,1.2876611932,-2.5019649201
93.4,1.101,-3.758,1.2660167631,-2.4986285012
93.5,1.058,-3.726,1.2433448234,-2.4980545502
93.6,1.016,-3.694,1.2339940943,-2.4963733517
93.7,0.974,-3.662,1.2227372396,-2.4953840614
93.8,0.932,-3.628,1.2125486607,-2.4930339255
93.9,0.889,-3.594,1.2020278305,-2.4905639765
94,0.847,-3.559,1.1920907185,-2.4885952319
94.1,0.804,-3.522,1.1829383876,-2.485778902
94.2,0.762,-3.486,1.1727998811,-2.4846090536
94.3,0.72,-3.45,1.1612540539,-2.4835752752
94.4,0.677,-3.412,1.1490452478,-2.4807216333
94.5,0.634,-3.374,1.1359137505,-2.4780610159
94.6,0.591,-3.337,1.121135256,-2.4758852031
94.7,0.55,-3.3,1.1075684012,-2.4728845372
94.8,0.51,-3.263,1.0955726799,-2.4713794372
94.9,0.469,-3.225,1.0861048156,-2.4681617009
95,0.428,-3.186,1.0675883884,-2.4663341468
95.1,0.387,-3.148,1.0466384242,-2.4671171093
95.2,0.347,-3.11,1.021457752,-2.4672566676
95.3,0.306,-3.07,0.9941543227,-2.4677977575
95.4,0.266,-3.032,0.9689909559,-2.4713486662
95.5,0.224,-2.992,0.9413721582,-2.4739893805
95.6,0.183,-2.951,0.9078664698,-2.4721615416
95.7,0.142,-2.911,0.8836523125,-2.4713196278
95.8,0.101,-2.871,0.8570199609,-2.4723576284
95.9,0.06,-2.832,0.835850029,-2.4691319583
96,0.018,-2.791,0.8109542839,-2.4651439319
96.1,-0.023,-2.752,0.7772684132,-2.4626662879
96.2,-0.065,-2.713,0.7509902873,-2.4573351284
96.3,-0.106,-2.674,0.7245167238,-2.4503814517
96.4,-0.148,-2.633,0.683391325,-2.4456318673
96.5,-0.188,-2.595,0.6499857462,-2.4366314572
96.6,-0.226,-2.557,0.6336033594,-2.4243829633
96.7,-0.262,-2.522,0.6135298932,-2.4142404308
96.8,-0.295,-2.487,0.5917142938,-2.4013565753
96.9,-0.325,-2.456,0.5746591345,-2.3881632163
97,-0.352,-2.425,0.5505321776,-2.3736941265
97.1,-0.376,-2.397,0.5223673007,-2.3610686602
97.2,-0.399,-2.37,0.5010891939,-2.350581817
97.3,-0.42,-2.342,0.4797915627,-2.3416762427
97.4,-0.441,-2.314,0.4465078131,-2.3291192662
97.5,-0.46,-2.286,0.4088308203,-2.310559833
97.6,-0.48,-2.255,0.3572922846,-2.2830305626
97.7,-0.5,-2.223,0.3106760831,-2.256197015
97.8,-0.52,-2.19,0.2698100684,-2.2324516372
97.9,-0.539,-2.156,0.2441688308,-2.216662462
98,-0.559,-2.119,0.2267491537,-2.2029295524
98.1,-0.579,-2.081,0.2148561837,-2.1909526619
98.2,-0.597,-2.043,0.2106447407,-2.1802734112
98.3,-0.615,-2.005,0.201156217,-2.1628530953
98.4,-0.631,-1.967,0.1909889493,-2.144157273
98.5,-0.647,-1.928,0.1682367447,-2.1157351712
98.6,-0.659,-1.895,0.1442439998,-2.0859799442
98.7,-0.67,-1.866,0.1276096394,-2.0588818554
98.8,-0.679,-1.839,0.1114450622,-2.0342192828
98.9,-0.687,-1.812,0.0938198183,-2.0085655383
99,-0.695,-1.785,0.0818320274,-1.986085005
99.1,-0.702,-1.756,0.0759124958,-1.9653977508
99.2,-0.708,-1.725,0.0738010919,-1.9452552375
99.3,-0.714,-1.694,0.0709450479,-1.9253180523
99.4,-0.719,-1.663,0.0676409823,-1.9056361166
99.5,-0.724,-1.631,0.0656441292,-1.8871297948
99.6,-0.727,-1.6,0.0648885372,-1.8706724199
99.7,-0.729,-1.569,0.0642363974,-1.8524266794
99.8,-0.731,-1.537,0.0642385073,-1.8347007671
99.9,-0.732,-1.507,0.0665758518,-1.8193743126
100,-0.732,-1.477,0.0690320308,-1.8032906979
100.1,-0.732,-1.448,0.0704844696,-1.786689994
100.2,-0.73,-1.42,0.0703057473,-1.7667474036
100.3,-0.728,-1.396,0.0724387764,-1.7496411023
100.4,-0.726,-1.37,0.0753378741,-1.7335140184
100.5,-0.722,-1.345,0.0792319512,-1.7172541172
100.6,-0.718,-1.32,0.0827970602,-1.7023500586
100.7,-0.714,-1.295,0.0870067214,-1.6885197837
100.8,-0.708,-1.27,0.0916261089,-1.6746418129
100.9,-0.702,-1.245,0.0983868494,-1.6633220691
101,-0.695,-1.22,0.1034321161,-1.6496643
101.1,-0.688,-1.196,0.1079716462,-1.6371699148
101.2,-0.68,-1.172,0.1125010711,-1.6234017723
101.3,-0.672,-1.149,0.117864559,-1.6104683718
101.4,-0.662,-1.125,0.1232937582,-1.597743516
101.5,-0.652,-1.101,0.1275283154,-1.5861292108
101.6,-0.64,-1.076,0.1310012123,-1.5727448382
101.7,-0.627,-1.051,0.1341525711,-1.5580013218
101.8,-0.614,-1.026,0.136501724,-1.544915572
101.9,-0.596,-0.995,0.1391414046,-1.5310351549
102,-0.58,-0.969,0.1403017174,-1.5166522911
102.1,-0.562,-0.942,0.1419540825,-1.4988985899
102.2,-0.543,-0.914,0.1450574289,-1.4807949892
102.3,-0.523,-0.886,0.1476593645,-1.4644789045
102.4,-0.502,-0.857,0.1498534616,-1.4500266181
102.5,-0.479,-0.827,0.150989486,-1.437924009
102.6,-0.454,-0.796,0.1524765753,-1.4263415728
102.7,-0.428,-0.764,0.1541340907,-1.4112815474
102.8,-0.4,-0.731,0.1558980577,-1.4001849875
102.9,-0.378,-0.706,0.1583788575,-1.3863205903
103,-0.348,-0.672,0.1601766563,-1.3706071035
103.1,-0.317,-0.638,0.1608352936,-1.3552226624
103.2,-0.279,-0.596,0.1624036986,-1.339002509
103.3,-0.246,-0.561,0.1627474142,-1.3244397504
103.4,-0.212,-0.526,0.1607961154,-1.3016444495
103.5,-0.176,-0.489,0.1598070615,-1.2780746092
103.6,-0.139,-0.452,0.1606174585,-1.2528363328
103.7,-0.1,-0.414,0.1605968309,-1.2305536309
103.8,-0.061,-0.375,0.1583845477,-1.2077792797
103.9,-0.02,-0.334,0.1581223325,-1.1903434732
104,0.021,-0.294,0.1607438366,-1.1767314008
104.1,0.062,-0.253,0.161306484,-1.1592536635
104.2,0.103,-0.212,0.1609373325,-1.1404875577
104.3,0.144,-0.172,0.1636152218,-1.1243927402
104.4,0.184,-0.132,0.1622752669,-1.1008320295
104.5,0.226,-0.091,0.1618657118,-1.0818655943
104.6,0.266,-0.052,0.1622943819,-1.0628514672
104.7,0.307,-0.013,0.1627148717,-1.0449003857
104.8,0.347,0.026,0.1610738347,-1.0331217221
104.9,0.388,0.065,0.1588190166,-1.0176372815
105,0.43,0.104,0.1587588231,-0.9915369428
105.1,0.472,0.143,0.1587445658,-0.9674499175
105.2,0.513,0.182,0.1579812652,-0.9433525443
105.3,0.555,0.22,0.1568777171,-0.9190536082
105.4,0.596,0.259,0.1562453201,-0.8962201955
105.5,0.637,0.297,0.1557478727,-0.8780478739
105.6,0.679,0.336,0.1547615096,-0.8671022463
105.7,0.722,0.376,0.1562235149,-0.8575873394
105.8,0.764,0.415,0.1595062576,-0.8419281729
105.9,0.806,0.453,0.1558983903,-0.8151615665
106,0.848,0.492,0.1523014624,-0.7889098023
106.1,0.89,0.531,0.1553613274,-0.7645048181
106.2,0.932,0.569,0.1587678534,-0.7354995262
106.3,0.974,0.608,0.1565948163,-0.7005383311
106.4,1.016,0.647,0.1576927781,-0.680137589
106.5,1.059,0.686,0.160248685,-0.6482983294
106.6,1.102,0.725,0.1572692854,-0.6177856416
106.7,1.144,0.763,0.1543978102,-0.587049342
106.8,1.185,0.8,0.1557825702,-0.5567280077
106.9,1.227,0.838,0.1563241442,-0.5213156809
107,1.269,0.875,0.1550048849,-0.4829160322
107.1,1.311,0.912,0.1564870123,-0.4500748709
107.2,1.354,0.95,0.1586067362,-0.4250029845
107.3,1.399,0.989,0.1610540466,-0.4024063059
107.4,1.442,1.027,0.167533517,-0.3918787099
107.5,1.484,1.064,0.1782269307,-0.3721145478
107.6,1.525,1.1,0.1909813314,-0.3465331051
107.7,1.564,1.134,0.2054312157,-0.2977231882
107.8,1.6,1.163,0.2195933155,-0.253206443
107.9,1.631,1.189,0.234515765,-0.1936791587
108,1.657,1.21,0.2521417748,-0.146075501
108.1,1.68,1.227,0.2709643491,-0.1114718316
108.2,1.698,1.24,0.2912969834,-0.0789897074
108.3,1.713,1.249,0.3096153684,-0.0631303912
108.4,1.727,1.258,0.3284855058,-0.0369259604
108.5,1.74,1.266,0.3437244678,-0.026939869
108.6,1.753,1.273,0.3583305574,-0.0198535365
108.7,1.767,1.279,0.3709545248,-0.0166817152
108.8,1.78,1.285,0.3851606747,-0.0094778741
108.9,1.792,1.291,0.3972822004,-0.0033831698
109,1.802,1.294,0.4126215515,0.0054708699
109.1,1.809,1.297,0.4262233982,0.013237592
109.2,1.815,1.299,0.4365434186,0.0155090411
109.3,1.82,1.3,0.4469617833,0.0167551349
109.4,1.823,1.301,0.4584919622,0.0171597438
109.5,1.826,1.302,0.4674883755,0.0177066452
109.6,1.828,1.303,0.480181044,0.017684165
109.7,1.831,1.303,0.4939753128,0.0175184411
109.8,1.835,1.304,0.5066496416,0.0161848891
109.9,1.839,1.305,0.5210842545,0.0143506631
110,1.845,1.305,0.5355096896,0.0120670734
110.1,1.851,1.306,0.5491281929,0.0086100437
110.2,1.858,1.306,0.5579935841,0.0002232698
110.3,1.867,1.307,0.5708060757,-0.0079871476
110.4,1.877,1.307,0.576174906,-0.01718879
110.5,1.887,1.306,0.5831024237,-0.0239360555
110.6,1.898,1.305,0.5948119432,-0.0285243677
110.7,1.909,1.304,0.6074365154,-0.0329224684
110.8,1.923,1.302,0.6244966333,-0.0376657485
110.9,1.937,1.299,0.6389017373,-0.0428894681
111,1.952,1.296,0.6526259399,-0.0484551798
111.1,1.968,1.292,0.6663664934,-0.0547144264
111.2,1.985,1.287,0.677086179,-0.0612787075
111.3,2.003,1.281,0.6862838519,-0.0682878694
111.4,2.022,1.274,0.6954691612,-0.0763827234
111.5,2.043,1.266,0.7037437328,-0.0845436786
111.6,2.061,1.258,0.7130680071,-0.0926266249
111.7,2.08,1.249,0.7229222403,-0.1009262093
111.8,2.099,1.24,0.7314962837,-0.1085106224
111.9,2.117,1.231,0.7410434712,-0.1180333485
112,2.135,1.22,0.7494759113,-0.1265595029
112.1,2.153,1.209,0.7535830103,-0.1352026462
112.2,2.171,1.197,0.757544409,-0.1465370764
112.3,2.188,1.185,0.7599469268,-0.1580314935
112.4,2.204,1.173,0.7673955007,-0.1677710239
112.5,2.218,1.162,0.7620276777,-0.1759259914
112.6,2.228,1.154,0.7570031293,-0.1811093187
112.7,2.235,1.148,0.7668375806,-0.1889825771
112.8,2.239,1.144,0.7659620105,-0.1958057389
112.9,2.242,1.141,0.7637343718,-0.2006156627
113,2.243,1.14,0.7681355933,-0.2052632092
113.1,2.244,1.139,0.7644104821,-0.2122533552
113.2,2.246,1.137,0.7622752383,-0.2214105436
113.3,2.248,1.135,0.764664911,-0.2302270441
113.4,2.25,1.133,0.7637565989,-0.2395959167
113.5,2.252,1.13,0.7633703375,-0.2472513947
113.6,2.255,1.128,0.7625139935,-0.2504411441
113.7,2.257,1.125,0.7596606985,-0.2488837216
113.8,2.26,1.122,0.755365128,-0.2439002731
113.9,2.261,1.12,0.7517882288,-0.2421258014
114,2.262,1.119,0.7527428929,-0.2451357087
114.1,2.262,1.119,0.7544084797,-0.2448787465
114.2,2.262,1.12,0.7545433856,-0.2459123757
114.3,2.261,1.12,0.7543888378,-0.2466786477
114.4,2.261,1.12,0.7548648682,-0.2466340829
114.5,2.261,1.12,0.756550522,-0.2469004468
114.6,2.261,1.12,0.7585587247,-0.2475862557
114.7,2.261,1.12,0.7593139282,-0.2475938757
114.8,2.261,1.12,0.7592526339,-0.2491149234
114.9,2.261,1.12,0.7604274567,-0.2504948859
115,2.261,1.12,0.7620416954,-0.2506362545
115.1,2.261,1.12,0.7627031951,-0.2510560864
115.2,2.261,1.12,0.7636104066,-0.2512368791
115.3,2.261,1.12,0.7645254535,-0.2510223667
115.4,2.261,1.12,0.7654246012,-0.2525874736
115.5,2.261,1.12,0.7660789198,-0.2535986262
115.6,2.261,1.12,0.7671146321,-0.2532397175
115.7,2.261,1.12,0.7670116133,-0.2524193543
115.8,2.261,1.12,0.7661052871,-0.2512701969
115.9,2.261,1.12,0.7640983793,-0.2501870793
116,2.261,1.121,0.7605928958,-0.2503027251
116.1,2.259,1.122,0.7555639989,-0.2491217733
116.2,2.258,1.124,0.7504976593,-0.247833996
116.3,2.255,1.128,0.7438814578,-0.2461759315
116.4,2.252,1.132,0.7377837107,-0.2443067459
116.5,2.248,1.137,0.7304389275,-0.242421197
116.6,2.243,1.143,0.7230686729,-0.2418185619
116.7,2.237,1.15,0.7170819715,-0.2433178112
116.8,2.231,1.158,0.7127857679,-0.2478680786
116.9,2.224,1.166,0.707878189,-0.2533399271
117,2.218,1.173,0.7011605937,-0.2567609703
117.1,2.213,1.179,0.693039452,-0.262700825
117.2,2.208,1.185,0.6862100861,-0.2666762469
117.3,2.202,1.192,0.6791073047,-0.2688899296
117.4,2.197,1.199,0.6721439585,-0.270217466
117.5,2.191,1.206,0.6656920718,-0.271246158
117.6,2.185,1.214,0.6590946923,-0.2717035749
117.7,2.179,1.222,0.6506913677,-0.2734964451
117.8,2.173,1.23,0.6428152917,-0.274989085
117.9,2.166,1.239,0.6340688886,-0.2763267764
118,2.16,1.248,0.6273084405,-0.2771439154
118.1,2.153,1.257,0.6210319191,-0.2778149953
118.2,2.146,1.266,0.6141937886,-0.2775010714
118.3,2.14,1.276,0.6071045444,-0.2766986974
118.4,2.133,1.285,0.6003449273,-0.2754400284
118.5,2.127,1.294,0.5933693574,-0.2742745913
118.6,2.12,1.303,0.5862835028,-0.2732507069
118.7,2.114,1.312,0.5791018894,-0.2727619183
118.8,2.108,1.321,0.5705111601,-0.2731107349
118.9,2.102,1.329,0.5627240058,-0.2727277037
119,2.096,1.338,0.5557835215,-0.2717598315
119.1,2.089,1.348,0.5486318579,-0.2702102461
119.2,2.083,1.357,0.5420470556,-0.2684044903
119.3,2.077,1.366,0.5356500558,-0.2664925504
119.4,2.071,1.375,0.5277163781,-0.2663470355
119.5,2.064,1.384,0.520709922,-0.2648462157
119.6,2.058,1.393,0.51384884,-0.2634054781
119.7,2.052,1.401,0.5063484039,-0.2621628482
119.8,2.046,1.41,0.4995345696,-0.2609503593
119.9,2.04,1.418,0.4931769818,-0.2596653859
120,2.034,1.427,0.4858529396,-0.2598177667
120.1,2.028,1.436,0.4790452937,-0.2592337334
120.2,2.022,1.445,0.4742058676,-0.2583591288
120.3,2.015,1.453,0.4715511356,-0.2576188593
120.4,2.009,1.462,0.471742685,-0.2576599728
120.5,2.004,1.469,0.4720294703,-0.2583120131
120.6,1.999,1.475,0.4707609705,-0.2593212649
120.7,1.997,1.479,0.4681419926,-0.2610192564
120.8,1.997,1.479,0.4664739575,-0.2605789062
120.9,1.997,1.479,0.4643454324,-0.260204887
121,1.997,1.478,0.4631315485,-0.2602276533
121.1,1.998,1.478,0.4628456715,-0.2603972806
121.2,1.998,1.478,0.4611490325,-0.2620827816
121.3,1.998,1.478,0.4593014451,-0.2628695817
121.4,1.997,1.478,0.4576541052,-0.2638094596
121.5,1.998,1.478,0.4563886564,-0.263903389
121.6,1.998,1.478,0.4548094781,-0.2643113729
121.7,1.998,1.478,0.4533411224,-0.2645312301
121.8,1.998,1.478,0.4513230683,-0.2667183168
121.9,1.998,1.478,0.4493754512,-0.2675945145
122,1.998,1.478,0.4471364131,-0.2684144318
122.1,1.998,1.478,0.4450692817,-0.2694033982
122.2,1.998,1.478,0.4431155082,-0.2700531582
122.3,1.998,1.478,0.440151659,-0.2720367914
122.4,1.998,1.478,0.4379001013,-0.2736841065
122.5,1.998,1.478,0.4360241271,-0.2749699192
122.6,1.998,1.478,0.4338239391,-0.2757031631
122.7,1.998,1.478,0.4321490117,-0.2764804352
122.8,1.998,1.478,0.4307804054,-0.2767436783
122.9,1.998,1.478,0.4281986758,-0.2786692296
123,1.998,1.478,0.426255902,-0.2802733689
123.1,1.998,1.478,0.4246893684,-0.2810932578
123.2,1.998,1.478,0.4228519749,-0.2819318785
123.3,1.998,1.478,0.4215031068,-0.2827689825
123.4,1.998,1.478,0.4204757933,-0.2833177625
123.5,1.998,1.478,0.4180411482,-0.2854743412
123.6,1.998,1.478,0.4163163696,-0.2866801866
123.7,1.998,1.478,0.4151485321,-0.287739375
123.8,1.998,1.478,0.4134713461,-0.2887273481
123.9,1.998,1.478,0.4123600635,-0.2890979978
124,1.998,1.478,0.4114277388,-0.2896620933
124.1,1.998,1.478,0.4092325962,-0.2916600101
124.2,1.998,1.478,0.4078813364,-0.2930786053
124.3,1.998,1.478,0.4070418884,-0.2940710961
124.4,1.998,1.478,0.4054515761,-0.2948811719
124.5,1.998,1.478,0.4044889373,-0.2955233154
124.6,1.998,1.478,0.4039604083,-0.295780856
124.7,1.998,1.478,0.4017884447,-0.297626701
124.8,1.998,1.478,0.4003803899,-0.2988921462
124.9,1.998,1.478,0.3994617302,-0.2997020257
125,1.998,1.478,0.3983022538,-0.3003652045
125.1,1.998,1.478,0.3973217112,-0.3009150319
125.2,1.998,1.478,0.3964678511,-0.3013184725
125.3,1.998,1.478,0.3940457404,-0.3034129656
125.4,1.998,1.478,0.3924250105,-0.3047810832
125.5,1.998,1.478,0.3913502146,-0.3057754205
125.6,1.998,1.478,0.3901023554,-0.3063683715
