0.1,0,0,0.732767981,-0.0011853673
0.2,0,0,0.7326934234,-0.0012644179
0.3,0,0,0.732643586,-0.0012766813
0.4,0,0,0.7326407898,-0.0013082529
0.5,0,0,0.7325316221,-0.0014329705
0.6,0,0,0.7324324134,-0.0014953797
0.7,0,0,0.7323987562,-0.0014961652
0.8,0,0,0.7323850123,-0.001528735
0.9,0,0,0.7323406262,-0.0015391079
1,0,0,0.7322115866,-0.0015471607
1.1,0,0,0.732450215,-0.0015975946
1.2,0,0,0.7336258305,-0.0016537822
1.3,0,0,0.735766702,-0.0019016322
1.4,0,0,0.737344757,-0.002165495
1.5,0.002,0,0.738021102,-0.0025380696
1.6,0.004,0,0.7395575693,-0.0026342813
1.7,0.006,0,0.7419709666,-0.002847783
1.8,0.008,0,0.7447575498,-0.0033153403
1.9,0.011,0,0.7475014282,-0.0039346302
2,0.014,0,0.7508458785,-0.0044767102
2.1,0.019,0,0.7540985284,-0.0049614892
2.2,0.023,0,0.7582255874,-0.0053976625
2.3,0.029,0,0.7630411464,-0.0061048423
2.4,0.035,0,0.7670654005,-0.0070330608
2.5,0.041,0,0.7723705732,-0.0074068382
2.6,0.049,0,0.7770070079,-0.008536025
2.7,0.057,0,0.7817595223,-0.0094978493
2.8,0.068,0,0.786469962,-0.0105484743
2.9,0.079,0,0.7927569621,-0.0115190167
3,0.091,0,0.7986431819,-0.0126768146
3.1,0.104,0,0.8010407054,-0.0139499353
3.2,0.118,0,0.8063244431,-0.0145850601
3.3,0.133,0,0.8135334621,-0.0139697138
3.4,0.147,0,0.8219188066,-0.0135477548
3.5,0.162,0,0.829178782,-0.0126457149
3.6,0.178,0.001,0.8380383427,-0.0101446724
3.7,0.195,0.001,0.8480185054,-0.0079586618
3.8,0.214,0.001,0.8605918495,-0.0043382072
3.9,0.235,0.001,0.8689507716,-0.004626554
4,0.256,0.002,0.873113272,-0.0049027312
4.1,0.28,0.003,0.8803980491,-0.0041429591
4.2,0.305,0.004,0.8858584419,-0.0046795192
4.3,0.33,0.005,0.8940363075,-0.0059094662
4.4,0.355,0.007,0.9042882994,-0.0071226233
4.5,0.38,0.008,0.9161252758,-0.0083269412
4.6,0.406,0.01,0.9287519763,-0.0088807605
4.7,0.433,0.012,0.9410817691,-0.0089453133
4.8,0.46,0.014,0.9515856304,-0.0097309723
4.9,0.488,0.016,0.9633652954,-0.0102671264
5,0.516,0.019,0.9740765285,-0.0105330897
5.1,0.544,0.021,0.984343485,-0.0095974579
5.2,0.572,0.024,0.9922990568,-0.0090860175
5.3,0.601,0.026,0.9995332327,-0.0091348821
5.4,0.63,0.029,1.0099404047,-0.0096521825
5.5,0.658,0.032,1.0197921265,-0.0115273604
5.6,0.686,0.034,1.0281674601,-0.012863989
5.7,0.714,0.037,1.0386365673,-0.0144329248
5.8,0.744,0.04,1.0463491232,-0.0148924198
5.9,0.774,0.042,1.0521908499,-0.0159677863
6,0.804,0.045,1.0608648904,-0.0166609529
6.1,0.835,0.048,1.0701261402,-0.0181688704
6.2,0.864,0.051,1.0803697514,-0.0205864646
6.3,0.894,0.054,1.0906604542,-0.0214086883
6.4,0.924,0.057,1.0962844602,-0.0218139309
6.5,0.956,0.06,1.1045285415,-0.0227879249
6.6,0.987,0.063,1.112807107,-0.0254508406
6.7,1.019,0.066,1.1241471568,-0.0286472607
6.8,1.051,0.069,1.132679086,-0.0300791282
6.9,1.082,0.071,1.1423108295,-0.0322602727
7,1.114,0.074,1.1481143848,-0.0336404108
7.1,1.146,0.077,1.1538649007,-0.033777874
7.2,1.178,0.079,1.1639585585,-0.0349339582
7.3,1.211,0.082,1.174502381,-0.036358621
7.4,1.245,0.084,1.1881072659,-0.0377832837
7.5,1.279,0.087,1.194844705,-0.0380867571
7.6,1.314,0.089,1.2045148688,-0.0382137373
7.7,1.35,0.091,1.2156734232,-0.0381456353
7.8,1.386,0.093,1.2269855191,-0.0376008153
7.9,1.422,0.096,1.2372235949,-0.0360652097
8,1.458,0.098,1.2476088472,-0.0344827697
8.1,1.495,0.1,1.2570790742,-0.0345206074
8.2,1.532,0.102,1.2711001552,-0.0359188728
8.3,1.569,0.104,1.2772746231,-0.037280716
8.4,1.606,0.106,1.2940782724,-0.0408944637
8.5,1.646,0.108,1.3012890598,-0.0418306552
8.6,1.685,0.11,1.3080124719,-0.0440861322
8.7,1.725,0.112,1.3184219935,-0.0466137938
8.8,1.765,0.114,1.3269775896,-0.0487765744
8.9,1.805,0.116,1.3360507789,-0.0513256341
9,1.847,0.117,1.3454410248,-0.0531964488
9.1,1.887,0.118,1.34928048,-0.0553669445
9.2,1.928,0.119,1.3515421484,-0.0575235784
9.3,1.97,0.119,1.3528577336,-0.0590386987
9.4,2.012,0.119,1.3657442233,-0.064428784
9.5,2.054,0.119,1.3831501371,-0.0694350153
9.6,2.097,0.119,1.4023981247,-0.0715731159
9.7,2.138,0.119,1.4228858024,-0.0743776932
9.8,2.179,0.118,1.4342288469,-0.0779479295
9.9,2.221,0.118,1.4450362599,-0.0793541297
10,2.263,0.117,1.4489901231,-0.0789930522
10.1,2.306,0.116,1.4594473362,-0.080752641
10.2,2.348,0.115,1.466298712,-0.0821708217
10.3,2.389,0.114,1.4757719857,-0.0820753649
10.4,2.431,0.113,1.4803610291,-0.0834124684
10.5,2.472,0.111,1.4844692338,-0.0841894373
10.6,2.514,0.11,1.4931441175,-0.0856761858
10.7,2.555,0.109,1.498126006,-0.0866713002
10.8,2.596,0.107,1.4978098082,-0.0876791254
10.9,2.638,0.106,1.5027291206,-0.0861051828
11,2.68,0.104,1.5016202971,-0.0839215368
11.1,2.722,0.102,1.500733086,-0.0849389583
11.2,2.765,0.1,1.5036472492,-0.0870939642
11.3,2.807,0.098,1.5091559053,-0.0885519534
11.4,2.85,0.096,1.5234004648,-0.0890127867
11.5,2.891,0.094,1.5335091415,-0.0898004696
11.6,2.933,0.092,1.5429013417,-0.0909832492
11.7,2.975,0.09,1.5507983399,-0.0917396769
11.8,3.017,0.088,1.5610739407,-0.093405135
11.9,3.059,0.086,1.5685403654,-0.0943755656
12,3.099,0.084,1.5783162997,-0.0956367254
12.1,3.141,0.082,1.5867228846,-0.0965173468
12.2,3.181,0.08,1.5923061451,-0.0963740572
12.3,3.223,0.078,1.5997983936,-0.0980658904
12.4,3.265,0.077,1.6060423197,-0.0994994342
12.5,3.306,0.075,1.6168041391,-0.1013471708
12.6,3.347,0.073,1.62497066,-0.1034071222
12.7,3.387,0.071,1.635993144,-0.1064433977
12.8,3.429,0.069,1.6475365074,-0.1090909392
12.9,3.47,0.067,1.6573175356,-0.1110090539
13,3.513,0.066,1.6638524925,-0.114152275
13.1,3.555,0.064,1.6780868477,-0.1189365834
13.2,3.596,0.063,1.6929386301,-0.123422049
13.3,3.635,0.061,1.7128466525,-0.1273679882
13.4,3.674,0.059,1.72344318,-0.1350983381
13.5,3.71,0.057,1.7420133623,-0.1417310238
13.6,3.745,0.055,1.7612022586,-0.1518055052
13.7,3.781,0.053,1.7783367311,-0.1634541303
13.8,3.814,0.05,1.8033787134,-0.1799516231
13.9,3.845,0.047,1.8275349922,-0.1986102909
14,3.876,0.044,1.8443306365,-0.2164501995
14.1,3.904,0.04,1.8555604313,-0.2317968607
14.2,3.932,0.036,1.861857333,-0.2449307293
14.3,3.958,0.032,1.8625565644,-0.254752636
14.4,3.983,0.026,1.8669073199,-0.2667091787
14.5,4.007,0.021,1.8718425686,-0.2782292664
14.6,4.027,0.015,1.8815593178,-0.2929127812
14.7,4.046,0.01,1.8852938176,-0.3039374948
14.8,4.064,0.004,1.8933073367,-0.3230709136
14.9,4.08,-0.002,1.8936929051,-0.3342934549
15,4.096,-0.008,1.8948425962,-0.3471413255
15.1,4.111,-0.015,1.8973213071,-0.3622271121
15.2,4.126,-0.021,1.8974990204,-0.3747742772
15.3,4.139,-0.028,1.8973477657,-0.3876006603
15.4,4.152,-0.035,1.8986570819,-0.4027930796
15.5,4.163,-0.041,1.8968094599,-0.4144619107
15.6,4.173,-0.047,1.8961724621,-0.4258213043
15.7,4.182,-0.054,1.8950197656,-0.4446297288
15.8,4.191,-0.06,1.8910547577,-0.4559713304
15.9,4.201,-0.067,1.8874967284,-0.4676919878
16,4.21,-0.075,1.881961056,-0.4794367254
16.1,4.219,-0.082,1.8744286405,-0.4905720055
16.2,4.229,-0.091,1.8674818203,-0.5004324317
16.3,4.239,-0.101,1.8615691603,-0.5112246275
16.4,4.25,-0.112,1.8549285745,-0.5212929249
16.5,4.26,-0.124,1.8485105792,-0.5302462578
16.6,4.271,-0.136,1.8430330112,-0.5392774343
16.7,4.281,-0.148,1.8371685296,-0.5489171147
16.8,4.291,-0.162,1.8310152221,-0.5579801798
16.9,4.301,-0.176,1.8261630927,-0.5683292151
17,4.31,-0.19,1.8191329588,-0.576274097
17.1,4.319,-0.205,1.8112354953,-0.5843263268
17.2,4.328,-0.22,1.8037145505,-0.5919774175
17.3,4.337,-0.236,1.7967240899,-0.5991044641
17.4,4.345,-0.253,1.7894369074,-0.6066232324
17.5,4.353,-0.271,1.7835320007,-0.6127862334
17.6,4.361,-0.289,1.7785892141,-0.6186982989
17.7,4.369,-0.308,1.7728862283,-0.6248072386
17.8,4.375,-0.327,1.7672865513,-0.6317592263
17.9,4.382,-0.347,1.7619326572,-0.6396678686
18,4.387,-0.368,1.756676808,-0.6474266648
18.1,4.393,-0.387,1.7534949206,-0.6539027095
18.2,4.397,-0.409,1.7498728234,-0.6609592438
18.3,4.402,-0.431,1.7471966191,-0.6688117385
18.4,4.406,-0.454,1.7454692132,-0.6780282259
18.5,4.409,-0.477,1.7439977413,-0.6889229417
18.6,4.412,-0.502,1.741848564,-0.7032884359
18.7,4.415,-0.528,1.7386185813,-0.7192126513
18.8,4.417,-0.554,1.7353571546,-0.7340434194
18.9,4.419,-0.583,1.7318653533,-0.7481902242
19,4.42,-0.612,1.7275044373,-0.7627156973
19.1,4.422,-0.643,1.7230924135,-0.7782827616
19.2,4.423,-0.676,1.7191373647,-0.7947098017
19.3,4.423,-0.71,1.7136574111,-0.807690382
19.4,4.424,-0.744,1.7087531318,-0.8210046291
19.5,4.423,-0.779,1.7046104928,-0.8317440748
19.6,4.422,-0.813,1.7012828179,-0.8420341611
19.7,4.421,-0.85,1.6990152876,-0.8506047726
19.8,4.419,-0.886,1.6966460239,-0.85818398
19.9,4.416,-0.923,1.6934244677,-0.8682898283
20,4.413,-0.958,1.6898294903,-0.8779720664
20.1,4.409,-0.994,1.6875903812,-0.8875345588
20.2,4.405,-1.031,1.6858700352,-0.8964282274
20.3,4.401,-1.068,1.6847945653,-0.9071549773
20.4,4.396,-1.104,1.6841234969,-0.9195792079
20.5,4.391,-1.138,1.6804276947,-0.9406397939
20.6,4.386,-1.171,1.6771539223,-0.9601957202
20.7,4.381,-1.203,1.675332415,-0.9767556787
20.8,4.376,-1.236,1.6756265847,-0.9907528758
20.9,4.371,-1.267,1.6754300941,-1.0026950836
21,4.367,-1.298,1.6754109401,-1.0168025494
21.1,4.362,-1.33,1.6779845576,-1.0327721834
21.2,4.357,-1.362,1.6796351193,-1.0493533611
21.3,4.352,-1.394,1.6798807023,-1.0662127733
21.4,4.347,-1.426,1.6811007357,-1.0785223246
21.5,4.342,-1.46,1.6822265471,-1.0903973579
21.6,4.338,-1.493,1.6807614609,-1.1082026959
21.7,4.334,-1.525,1.6766993571,-1.1301168203
21.8,4.33,-1.559,1.6743493909,-1.1502078772
21.9,4.327,-1.594,1.672989465,-1.1734906435
22,4.323,-1.631,1.6716679986,-1.1976498365
22.1,4.319,-1.672,1.6703516304,-1.2188830376
22.2,4.315,-1.713,1.6686491384,-1.2317993641
22.3,4.311,-1.756,1.6685734282,-1.2418665886
22.4,4.307,-1.801,1.6702039735,-1.2497137785
22.5,4.303,-1.846,1.6708297965,-1.2540935278
22.6,4.299,-1.894,1.6727270522,-1.2635190487
22.7,4.295,-1.944,1.6739522628,-1.2797614336
22.8,4.291,-1.994,1.6752762053,-1.2986619473
22.9,4.287,-2.046,1.6760779639,-1.3216620684
23,4.283,-2.095,1.6739994173,-1.3496749401
23.1,4.28,-2.144,1.6729290173,-1.3747166395
23.2,4.276,-2.195,1.6728598393,-1.3950122595
23.3,4.273,-2.247,1.6728699777,-1.4031701088
23.4,4.269,-2.298,1.6731705036,-1.413049221
23.5,4.266,-2.35,1.6742112738,-1.4295552969
23.6,4.262,-2.402,1.6743404225,-1.4437777996
23.7,4.258,-2.452,1.6730346258,-1.4584197998
23.8,4.254,-2.502,1.6746698966,-1.4790952206
23.9,4.25,-2.552,1.6753738424,-1.5020538569
24,4.245,-2.601,1.6757436458,-1.5224629641
24.1,4.24,-2.649,1.6764604666,-1.5427417755
24.2,4.235,-2.697,1.6749956409,-1.5622868538
24.3,4.23,-2.747,1.6737302788,-1.5710906982
24.4,4.225,-2.797,1.6730874935,-1.5800641775
24.5,4.219,-2.847,1.6728887073,-1.588403225
24.6,4.213,-2.895,1.6736272467,-1.598144412
24.7,4.208,-2.943,1.6733526263,-1.6123086214
24.8,4.202,-2.99,1.6728119437,-1.6224764586
24.9,4.196,-3.039,1.6719443468,-1.6313320398
25,4.19,-3.086,1.6707654939,-1.6413320303
25.1,4.184,-3.133,1.6682753541,-1.649877429
25.2,4.178,-3.18,1.6677481087,-1.6592596769
25.3,4.172,-3.226,1.6668377777,-1.6685683727
25.4,4.165,-3.274,1.6666769048,-1.6772153378
25.5,4.158,-3.321,1.6660200704,-1.6858410835
25.6,4.151,-3.367,1.6661294822,-1.6934176683
25.7,4.144,-3.414,1.6672803009,-1.7037457228
25.8,4.137,-3.46,1.6655511263,-1.7192786932
25.9,4.13,-3.505,1.6634900522,-1.7387531996
26,4.122,-3.549,1.6589475811,-1.7605211735
26.1,4.115,-3.59,1.6523887912,-1.76868999
26.2,4.109,-3.628,1.6483365804,-1.7847855091
26.3,4.103,-3.661,1.6426820236,-1.8077465296
26.4,4.098,-3.69,1.6301491215,-1.8182871342
26.5,4.093,-3.713,1.6140484939,-1.8274095058
26.6,4.089,-3.735,1.5956542021,-1.8403493166
26.7,4.085,-3.757,1.5766272281,-1.8499449492
26.8,4.08,-3.778,1.5572202705,-1.8569564819
26.9,4.074,-3.8,1.5393080726,-1.8604153395
27,4.069,-3.82,1.5212702799,-1.8636277914
27.1,4.062,-3.84,1.5051968211,-1.8655856848
27.2,4.056,-3.859,1.4924727864,-1.8669831753
27.3,4.049,-3.877,1.481612798,-1.8680158854
27.4,4.041,-3.896,1.4711409075,-1.867561698
27.5,4.032,-3.915,1.4613413156,-1.8662252426
27.6,4.023,-3.933,1.4525959223,-1.8654233217
27.7,4.014,-3.95,1.441680927,-1.8643852472
27.8,4.004,-3.966,1.4262461292,-1.8595864773
27.9,3.994,-3.982,1.4126155926,-1.8584794998
28,3.984,-3.998,1.4003173078,-1.8579217196
28.1,3.973,-4.013,1.3804586583,-1.8584651947
28.2,3.962,-4.028,1.3667720214,-1.8586236239
28.3,3.95,-4.042,1.35287002,-1.8581415415
28.4,3.938,-4.056,1.3451921786,-1.8581928015
28.5,3.926,-4.07,1.3376870806,-1.8534677029
28.6,3.913,-4.083,1.3302704635,-1.8456181288
28.7,3.9,-4.096,1.3211768075,-1.8446916342
28.8,3.886,-4.108,1.3141083058,-1.841833353
28.9,3.873,-4.12,1.3077445139,-1.8409403563
29,3.858,-4.132,1.3022607783,-1.8380656242
29.1,3.844,-4.142,1.2959716086,-1.8349618912
29.2,3.83,-4.152,1.2898737976,-1.8313385248
29.3,3.817,-4.161,1.284603937,-1.8254793882
29.4,3.803,-4.17,1.2799113362,-1.8186196089
29.5,3.789,-4.178,1.274350717,-1.8141019344
29.6,3.775,-4.186,1.2690071223,-1.8086160421
29.7,3.761,-4.193,1.2669126575,-1.8025939465
29.8,3.746,-4.2,1.2655088134,-1.7957262993
29.9,3.732,-4.206,1.260480568,-1.7908661366
30,3.717,-4.212,1.2568204125,-1.7845208645
30.1,3.702,-4.217,1.25366339,-1.7826623917
30.2,3.686,-4.223,1.2495056787,-1.7795020342
30.3,3.67,-4.227,1.2445141222,-1.7788375616
30.4,3.655,-4.232,1.2413911739,-1.7727979422
30.5,3.639,-4.235,1.236932331,-1.7679675818
30.6,3.623,-4.238,1.231812006,-1.7618923187
30.7,3.606,-4.241,1.2262016767,-1.7551451922
30.8,3.588,-4.244,1.2210839905,-1.7526654005
30.9,3.569,-4.246,1.2142427272,-1.752022624
31,3.549,-4.247,1.2089627783,-1.746486187
31.1,3.527,-4.248,1.2035206632,-1.7407495976
31.2,3.504,-4.249,1.1969266774,-1.7382934094
31.3,3.48,-4.248,1.1893697594,-1.7364677191
31.4,3.455,-4.247,1.1830942319,-1.7342934609
31.5,3.429,-4.245,1.1755066366,-1.7314430475
31.6,3.401,-4.243,1.1698242088,-1.7308602333
31.7,3.373,-4.239,1.1638910078,-1.7313209772
31.8,3.343,-4.235,1.1575383493,-1.7314090729
31.9,3.313,-4.23,1.1502358354,-1.7269939184
32,3.28,-4.223,1.1441351971,-1.7207890749
32.1,3.249,-4.217,1.1412416175,-1.7168951035
32.2,3.215,-4.209,1.1367057181,-1.7130963802
32.3,3.18,-4.201,1.1301856628,-1.7122554779
32.4,3.145,-4.192,1.1210572021,-1.7129458189
32.5,3.111,-4.183,1.1100737408,-1.7158191204
32.6,3.078,-4.174,1.1033306422,-1.7208263874
32.7,3.046,-4.166,1.0978184063,-1.7265890837
32.8,3.016,-4.157,1.0848092375,-1.7293515205
32.9,2.988,-4.149,1.0718158856,-1.73188591
33,2.962,-4.142,1.0702655408,-1.7365903854
33.1,2.938,-4.136,1.0702300665,-1.7416613102
33.2,2.914,-4.129,1.0581726704,-1.7419542074
33.3,2.888,-4.122,1.0402510204,-1.7402893305
33.4,2.862,-4.116,1.0184046849,-1.7387311459
33.5,2.834,-4.109,0.9957449911,-1.7378727198
33.6,2.805,-4.102,0.9750781798,-1.7371633053
33.7,2.775,-4.094,0.9549638131,-1.7362604141
33.8,2.744,-4.087,0.9341878807,-1.7351073027
33.9,2.71,-4.08,0.913152398,-1.7337852716
34,2.676,-4.072,0.8943860003,-1.7330658436
34.1,2.641,-4.065,0.8804860192,-1.7330389023
34.2,2.604,-4.057,0.872600095,-1.7329913378
34.3,2.564,-4.049,0.8699654511,-1.7331957817
34.4,2.524,-4.041,0.8701114507,-1.7354978323
34.5,2.483,-4.033,0.8575914909,-1.7364468575
34.6,2.443,-4.025,0.8366659875,-1.7361731529
34.7,2.402,-4.017,0.8131119779,-1.7365971804
34.8,2.362,-4.009,0.7936312474,-1.7371859551
34.9,2.322,-4.001,0.7791198065,-1.7379661799
35,2.281,-3.993,0.7654600937,-1.7388398647
35.1,2.241,-3.985,0.7523446379,-1.739946723
35.2,2.2,-3.976,0.7389893973,-1.7413028479
35.3,2.159,-3.968,0.7252273056,-1.7417607307
35.4,2.118,-3.96,0.7123130955,-1.7421060801
35.5,2.076,-3.952,0.7004176958,-1.7430341244
35.6,2.035,-3.944,0.689006655,-1.7437794209
35.7,1.992,-3.935,0.6765366749,-1.7433452606
35.8,1.951,-3.927,0.6628839074,-1.7447552681
35.9,1.91,-3.919,0.6494502761,-1.7461545467
36,1.869,-3.911,0.634417372,-1.7452937365
36.1,1.827,-3.903,0.6209885245,-1.7443027496
36.2,1.785,-3.895,0.607059304,-1.7442911863
36.3,1.742,-3.887,0.5931394938,-1.7441080809
36.4,1.698,-3.878,0.5790833463,-1.7448195219
36.5,1.656,-3.87,0.5666053129,-1.744227767
36.6,1.613,-3.861,0.5545878058,-1.7436249256
36.7,1.572,-3.853,0.5412546447,-1.7433236837
36.8,1.53,-3.844,0.5293052774,-1.7426255941
36.9,1.487,-3.835,0.5168146747,-1.7420451641
37,1.445,-3.826,0.505754113,-1.7416090965
37.1,1.403,-3.816,0.4910362844,-1.7401734591
37.2,1.361,-3.807,0.4743576522,-1.7371447086
37.3,1.318,-3.797,0.4602846217,-1.7348207235
37.4,1.275,-3.787,0.4465069458,-1.7320479155
37.5,1.232,-3.776,0.4342689144,-1.7288024426
37.6,1.187,-3.765,0.4227854238,-1.7271791697
37.7,1.142,-3.754,0.411998353,-1.7255280018
37.8,1.096,-3.742,0.4004773882,-1.7232754231
37.9,1.052,-3.731,0.3898966017,-1.7209147215
38,1.007,-3.718,0.3775162988,-1.7190952301
38.1,0.963,-3.706,0.3640581409,-1.7160992622
38.2,0.921,-3.693,0.3511434483,-1.7123776674
38.3,0.88,-3.681,0.3393066636,-1.7098089457
38.4,0.838,-3.668,0.3234389489,-1.7056956291
38.5,0.799,-3.655,0.305044963,-1.699904561
38.6,0.758,-3.642,0.2883596595,-1.6956831217
38.7,0.719,-3.629,0.2756729292,-1.6919072866
38.8,0.68,-3.615,0.2660176242,-1.6871365309
38.9,0.641,-3.601,0.2558882242,-1.6815752983
39,0.604,-3.588,0.2439367621,-1.6754976511
39.1,0.566,-3.573,0.2350842889,-1.6676753759
39.2,0.528,-3.558,0.2225454545,-1.6596058607
39.3,0.491,-3.543,0.2050377287,-1.6491351128
39.4,0.455,-3.528,0.1772538593,-1.6347031593
39.5,0.421,-3.513,0.1450610141,-1.6217710972
39.6,0.386,-3.497,0.1176492264,-1.6092973948
39.7,0.357,-3.482,0.1139962359,-1.6015862227
39.8,0.333,-3.469,0.0993704183,-1.5906317234
39.9,0.313,-3.458,0.0826512194,-1.5763729811
40,0.297,-3.448,0.0495168926,-1.5540782213
40.1,0.283,-3.439,0.0339120469,-1.5369389057
40.2,0.269,-3.429,0.0171357619,-1.5175489187
40.3,0.253,-3.417,-0.0045000083,-1.4974716902
40.4,0.236,-3.404,-0.0166843668,-1.4787260294
40.5,0.218,-3.389,-0.0231657085,-1.4631453753
40.6,0.202,-3.374,-0.0299810254,-1.4456390142
40.7,0.186,-3.36,-0.0354699798,-1.4303071499
40.8,0.172,-3.345,-0.0393075386,-1.4133002758
40.9,0.159,-3.331,-0.0435101837,-1.3979132175
41,0.147,-3.317,-0.0477049072,-1.3819051981
41.1,0.134,-3.303,-0.0501029433,-1.3680983782
41.2,0.122,-3.287,-0.0491769748,-1.3558797836
41.3,0.111,-3.272,-0.0473519591,-1.3439640999
41.4,0.1,-3.256,-0.0455842117,-1.3320758343
41.5,0.089,-3.241,-0.0426983214,-1.3204779625
41.6,0.08,-3.226,-0.0394339574,-1.3088408709
41.7,0.071,-3.211,-0.0366110627,-1.2965387106
41.8,0.063,-3.197,-0.0339066007,-1.283246398
41.9,0.056,-3.183,-0.0295253004,-1.2712059021
42,0.049,-3.168,-0.0257614246,-1.2587023974
42.1,0.043,-3.154,-0.0215315084,-1.2479534149
42.2,0.037,-3.14,-0.0164867556,-1.2381647825
42.3,0.032,-3.126,-0.0116435424,-1.2271709442
42.4,0.027,-3.112,-0.0070174082,-1.2158102989
42.5,0.023,-3.099,-0.0012634622,-1.2050204277
42.6,0.019,-3.085,0.0052867794,-1.1938387156
42.7,0.016,-3.07,0.0118074578,-1.1822934151
42.8,0.013,-3.055,0.0179128308,-1.1716250181
42.9,0.01,-3.039,0.0234134552,-1.1609624624
43,0.008,-3.023,0.0288732462,-1.1499438286
43.1,0.006,-3.006,0.0342382094,-1.139111042
43.2,0.004,-2.988,0.0395307681,-1.1279489994
43.3,0.004,-2.97,0.0449760349,-1.1166341305
43.4,0.003,-2.95,0.0504082554,-1.1049454212
43.5,0.004,-2.929,0.055978706,-1.0926369429
43.6,0.005,-2.907,0.0614760389,-1.0807917118
43.7,0.007,-2.883,0.0656999152,-1.0705878735
43.8,0.009,-2.859,0.0698866803,-1.0610525608
43.9,0.013,-2.833,0.0733518383,-1.0520116091
44,0.018,-2.807,0.0758634265,-1.0387170315
44.1,0.023,-2.78,0.0781738985,-1.0209424496
44.2,0.029,-2.752,0.0818408323,-0.9989328384
44.3,0.037,-2.723,0.0845309302,-0.9799087644
44.4,0.045,-2.693,0.0864881947,-0.9616248012
44.5,0.053,-2.662,0.086691741,-0.9452582598
44.6,0.063,-2.63,0.0897508797,-0.9310786128
44.7,0.073,-2.597,0.0917792131,-0.9187870622
44.8,0.084,-2.562,0.0939281479,-0.904475987
44.9,0.096,-2.526,0.0967716674,-0.8909273744
45,0.108,-2.489,0.0995445652,-0.8764995933
45.1,0.121,-2.452,0.1006109629,-0.8605673313
45.2,0.134,-2.414,0.1022436092,-0.8468023539
45.3,0.148,-2.375,0.1043414666,-0.8295892477
45.4,0.161,-2.337,0.1057684089,-0.8089835644
45.5,0.175,-2.299,0.1063516398,-0.7933114171
45.6,0.189,-2.261,0.1075050429,-0.776587069
45.7,0.203,-2.223,0.107907368,-0.7641046047
45.8,0.217,-2.185,0.1086669568,-0.7478495836
45.9,0.231,-2.149,0.109439982,-0.7298211455
46,0.244,-2.112,0.1093913503,-0.7147925496
46.1,0.257,-2.078,0.1086663357,-0.7020137906
46.2,0.27,-2.042,0.1090905463,-0.6890117526
46.3,0.284,-2.006,0.1099257805,-0.6775719523
46.4,0.297,-1.97,0.1103437529,-0.665676415
46.5,0.31,-1.934,0.1103437529,-0.665676415
46.6,0.323,-1.899,0.1116745235,-0.6533276439
46.7,0.336,-1.863,0.1134112487,-0.638282001
46.8,0.349,-1.827,0.112183531,-0.6239924431
46.9,0.362,-1.791,0.1130442612,-0.6100983024
47,0.375,-1.755,0.1140865915,-0.5991565585
47.1,0.388,-1.719,0.1137799905,-0.5861100554
47.2,0.401,-1.683,0.1124078547,-0.5747542977
47.3,0.414,-1.647,0.1119014465,-0.5641053319
47.4,0.427,-1.611,0.1111826596,-0.5517825484
47.5,0.44,-1.575,0.109433075,-0.5426108837
47.6,0.453,-1.538,0.1089618221,-0.5333256125
47.7,0.466,-1.502,0.1087380124,-0.5253133178
47.8,0.479,-1.465,0.1082696108,-0.514256537
47.9,0.492,-1.429,0.1071720977,-0.5041230917
48,0.505,-1.392,0.1068969549,-0.4913983345
48.1,0.517,-1.357,0.1058055935,-0.4814863503
48.2,0.529,-1.321,0.1046479551,-0.473103255
48.3,0.542,-1.284,0.1035696741,-0.464969486
48.4,0.555,-1.247,0.1029575179,-0.4529600739
48.5,0.568,-1.21,0.1020689906,-0.441870749
48.6,0.581,-1.174,0.1010224547,-0.4289988875
48.7,0.593,-1.138,0.1004150196,-0.4162639976
48.8,0.606,-1.101,0.0998204152,-0.4069665968
48.9,0.619,-1.064,0.0980088111,-0.3944344819
49,0.632,-1.027,0.09650917,-0.3836639524
49.1,0.645,-0.99,0.0957376106,-0.3733053505
49.2,0.657,-0.955,0.0940626377,-0.3598966002
49.3,0.67,-0.919,0.0931676228,-0.3493308127
49.4,0.682,-0.882,0.0919849463,-0.3360562325
49.5,0.695,-0.846,0.0879575478,-0.3268916905
49.6,0.708,-0.809,0.0870036409,-0.3110409379
49.7,0.718,-0.779,0.0877300553,-0.2936791778
49.8,0.733,-0.736,0.0846409469,-0.2800735235
49.9,0.742,-0.708,0.0810098018,-0.2643628716
50,0.754,-0.675,0.0797495134,-0.2409876734
50.1,0.765,-0.64,0.0753687073,-0.2245471329
50.2,0.776,-0.607,0.0700601374,-0.2121987492
50.3,0.787,-0.572,0.0671017804,-0.2015955597
50.4,0.797,-0.538,0.0650645868,-0.1935960054
50.5,0.807,-0.506,0.0629427383,-0.1858038306
50.6,0.816,-0.473,0.0602170845,-0.1688932478
50.7,0.826,-0.439,0.0591398029,-0.1612547636
50.8,0.835,-0.405,0.0561056292,-0.1411736757
50.9,0.844,-0.37,0.0533240934,-0.123206459
51,0.854,-0.332,0.0516097623,-0.1103307605
51.1,0.863,-0.295,0.0490251078,-0.0963811576
51.2,0.871,-0.26,0.046844323,-0.0821670219
51.3,0.879,-0.226,0.0435821766,-0.0716593787
51.4,0.887,-0.191,0.0400634697,-0.0629660785
51.5,0.895,-0.156,0.0370286128,-0.0515652373
51.6,0.903,-0.12,0.0341861334,-0.041086901
51.7,0.91,-0.085,0.0308054843,-0.0324974805
51.8,0.917,-0.05,0.0271369946,-0.0210058223
51.9,0.924,-0.014,0.0214234182,-0.0151411742
52,0.932,0.022,0.0156913229,-0.0055714785
52.1,0.939,0.059,0.0111234504,0.0038595654
52.2,0.946,0.096,0.0057295145,0.0110454811
52.3,0.952,0.133,0.0027925738,0.0210216809
52.4,0.959,0.169,0.0013945796,0.0307218749
52.5,0.965,0.205,-0.0015323963,0.0394798703
52.6,0.972,0.243,-0.0036546543,0.0473711081
52.7,0.979,0.287,-0.0024675851,0.0607216284
52.8,0.984,0.315,0.0023459052,0.0776768252
52.9,0.99,0.349,0.0112133934,0.1124448776
53,0.995,0.38,0.025725184,0.1473650485
53.1,0.999,0.405,0.042855844,0.1978817433
53.2,1.004,0.434,0.0608051016,0.2436323017
53.3,1.008,0.452,0.0793179729,0.2788295746
53.4,1.013,0.474,0.0995876805,0.3064377308
53.5,1.019,0.495,0.1185454735,0.3225533068
53.6,1.024,0.514,0.1362218083,0.3388094008
53.7,1.029,0.529,0.1564448277,0.3694739044
53.8,1.034,0.542,0.1768888192,0.3898133039
53.9,1.038,0.553,0.1974686039,0.4086608589
54,1.044,0.565,0.2157399569,0.4187695682
54.1,1.05,0.579,0.2340617331,0.4282982647
54.2,1.057,0.593,0.2519337026,0.4365235865
54.3,1.065,0.607,0.2677325774,0.4434898496
54.4,1.073,0.621,0.2845616438,0.4523063004
54.5,1.081,0.634,0.3024831777,0.4614964724
54.6,1.09,0.647,0.3202455923,0.4694953561
54.7,1.099,0.659,0.3353425643,0.4761731029
54.8,1.108,0.672,0.3515410133,0.4825146794
54.9,1.118,0.684,0.3672985087,0.4877613187
55,1.128,0.696,0.3833034224,0.4917624295
55.1,1.139,0.708,0.3979465619,0.492254138
55.2,1.149,0.718,0.4124497928,0.4918201864
55.3,1.158,0.727,0.4308417271,0.4928045869
55.4,1.166,0.734,0.4474203466,0.4938447773
55.5,1.173,0.739,0.4640678314,0.4941728711
55.6,1.179,0.745,0.4799550016,0.4913199842
55.7,1.186,0.75,0.4925579765,0.4881433547
55.8,1.193,0.755,0.5077219579,0.4849662185
55.9,1.2,0.76,0.52125422,0.4819383025
56,1.208,0.765,0.5301396387,0.4780567288
56.1,1.215,0.769,0.537861627,0.4735012949
56.2,1.22,0.772,0.5459354309,0.4678247869
56.3,1.224,0.774,0.554132754,0.4625017047
56.4,1.226,0.775,0.5620692729,0.4559837282
56.5,1.227,0.775,0.5712887626,0.4487324655
56.6,1.226,0.775,0.5802607813,0.4405706227
56.7,1.226,0.775,0.5886945667,0.4310951233
56.8,1.226,0.775,0.5989030623,0.4216044545
56.9,1.226,0.775,0.6084163558,0.4127439857
57,1.226,0.775,0.6176795034,0.4028477073
57.1,1.227,0.775,0.6264390477,0.3935943842
57.2,1.227,0.775,0.6342016683,0.3842785954
57.3,1.227,0.775,0.6406187312,0.374922961
57.4,1.228,0.775,0.6477542857,0.3656393588
57.5,1.228,0.775,0.6540722418,0.356492877
57.6,1.229,0.776,0.6578203238,0.3471857607
57.7,1.229,0.776,0.6617955391,0.3381164074
57.8,1.23,0.776,0.6666347682,0.3281506002
57.9,1.231,0.776,0.6695079017,0.3189402223
58,1.231,0.776,0.6726008614,0.30979684
58.1,1.232,0.776,0.675444932,0.301225692
58.2,1.232,0.776,0.6792334223,0.2915707529
58.3,1.233,0.776,0.6817468962,0.2816915214
58.4,1.233,0.776,0.6848097183,0.271078974
58.5,1.233,0.776,0.6873213437,0.2609530687
58.6,1.234,0.776,0.6895739581,0.2503011525
58.7,1.234,0.776,0.6905193123,0.2417443842
58.8,1.235,0.776,0.6912782831,0.2326592505
58.9,1.235,0.776,0.6926490218,0.223405391
59,1.236,0.775,0.6948549328,0.2143660784
59.1,1.236,0.775,0.6980611178,0.2043851912
59.2,1.238,0.775,0.7013591783,0.1961005926
59.3,1.242,0.774,0.7054685315,0.187921077
59.4,1.246,0.772,0.7101448613,0.1820785552
59.5,1.252,0.77,0.7153227835,0.1773189902
59.6,1.258,0.768,0.7217412373,0.1722212136
59.7,1.266,0.765,0.729386049,0.1669448316
59.8,1.275,0.761,0.7364850524,0.1617707759
59.9,1.286,0.756,0.7442801959,0.159095332
60,1.299,0.75,0.7528017985,0.1569795161
60.1,1.313,0.743,0.7617171608,0.1546737254
60.2,1.329,0.736,0.7708195684,0.151814118
60.3,1.345,0.727,0.7802906895,0.1492971182
60.4,1.363,0.718,0.7917150383,0.1466930658
60.5,1.382,0.708,0.8016669492,0.1457904279
60.6,1.402,0.698,0.8113966452,0.1463081986
60.7,1.422,0.687,0.8209276631,0.1464826018
60.8,1.443,0.676,0.8307676389,0.1458250582
60.9,1.465,0.663,0.840569906,0.1447622031
61,1.487,0.651,0.8520507116,0.1422246546
61.1,1.511,0.637,0.8639090125,0.1398088336
61.2,1.536,0.623,0.876859123,0.1408435255
61.3,1.561,0.609,0.8870145882,0.141030401
61.4,1.587,0.594,0.8966837973,0.1404783428
61.5,1.613,0.579,0.9066920996,0.1401024014
61.6,1.639,0.563,0.9191950926,0.1388829052
61.7,1.666,0.547,0.9308106297,0.1375154257
61.8,1.693,0.53,0.9429707917,0.1367093474
61.9,1.719,0.514,0.9553594245,0.1362526417
62,1.745,0.498,0.9688157517,0.1354645938
62.1,1.772,0.481,0.9881810768,0.1327177137
62.2,1.798,0.465,1.0051997519,0.1308407784
62.3,1.826,0.448,1.0209204794,0.1300557703
62.4,1.854,0.43,1.034759832,0.1289861947
62.5,1.885,0.411,1.0445181419,0.12947613
62.6,1.916,0.392,1.059904094,0.1285606474
62.7,1.947,0.373,1.0751781738,0.1280210465
62.8,1.977,0.355,1.0851136508,0.1269409806
62.9,2.007,0.336,1.1028974262,0.1234501973
63,2.035,0.319,1.1148567567,0.1226132438
63.1,2.06,0.303,1.1270433251,0.1207716316
63.2,2.085,0.288,1.1443751207,0.115889132
63.3,2.108,0.273,1.1587191228,0.112412788
63.4,2.129,0.26,1.1752709074,0.1095619872
63.5,2.149,0.248,1.1904860816,0.1062193215
63.6,2.169,0.236,1.2032059216,0.104770951
63.7,2.189,0.224,1.2152559914,0.1042972803
63.8,2.209,0.212,1.2209968344,0.1039429381
63.9,2.228,0.2,1.2257203515,0.1037951261
64,2.246,0.188,1.2333154971,0.10440097
64.1,2.263,0.178,1.2492398259,0.1023995504
64.2,2.279,0.168,1.2762831944,0.0967388973
64.3,2.298,0.157,1.3096097853,0.0925078541
64.4,2.322,0.142,1.3550971476,0.0850043148
64.5,2.351,0.124,1.4064065742,0.0736001059
64.6,2.384,0.103,1.4497192591,0.0652823597
64.7,2.421,0.081,1.4850163314,0.0601995103
64.8,2.457,0.058,1.513894567,0.0577034205
64.9,2.49,0.037,1.5439044112,0.0536994264
65,2.521,0.018,1.5681054372,0.0514431074
65.1,2.553,-0.002,1.5842187599,0.0530209541
65.2,2.587,-0.023,1.6001898792,0.0544802025
65.3,2.624,-0.047,1.6124571922,0.0559708998
65.4,2.666,-0.073,1.6185846851,0.0592135116
65.5,2.711,-0.101,1.6491152101,0.0568135381
65.6,2.757,-0.129,1.6738622237,0.0548652112
65.7,2.803,-0.158,1.7013622162,0.0559458695
65.8,2.848,-0.186,1.7293968172,0.0562979616
65.9,2.891,-0.212,1.7650388027,0.0532035418
66,2.936,-0.24,1.8039290435,0.0523784012
66.1,2.984,-0.269,1.8109711622,0.0554143377
66.2,3.036,-0.299,1.8715255061,0.0607727207
66.3,3.088,-0.33,1.9015473384,0.0632175505
66.4,3.14,-0.361,1.9280932407,0.0697302371
66.5,3.19,-0.39,1.9542265516,0.0761640817
66.6,3.238,-0.418,1.9831754219,0.0771194398
66.7,3.286,-0.446,2.0071212904,0.0822185799
66.8,3.335,-0.474,2.0362851439,0.0862354487
66.9,3.385,-0.502,2.0667206062,0.0845898166
67,3.435,-0.53,2.0915467956,0.0817379877
67.1,3.488,-0.56,2.1174088138,0.0839416385
67.2,3.542,-0.59,2.1424958852,0.0854070112
67.3,3.597,-0.62,2.1682070681,0.0850718617
67.4,3.649,-0.649,2.1959898107,0.0844594389
67.5,3.7,-0.676,2.2230766372,0.0846343264
67.6,3.753,-0.704,2.2665206004,0.0836437717
67.7,3.805,-0.731,2.3081925968,0.0842696056
67.8,3.855,-0.758,2.3411108802,0.0859095752
67.9,3.906,-0.784,2.3699239763,0.0857637748
68,3.956,-0.81,2.4083122271,0.0835935697
68.1,4.005,-0.836,2.4298853363,0.0811518133
68.2,4.051,-0.86,2.4700217395,0.0781922564
68.3,4.093,-0.882,2.5503531649,0.0755681694
68.4,4.13,-0.902,2.5905860193,0.0708930641
68.5,4.163,-0.919,2.6307460184,0.0644721389
68.6,4.192,-0.934,2.636199484,0.0559015796
68.7,4.22,-0.95,2.6450634442,0.0463145226
68.8,4.246,-0.964,2.698886378,0.0347452462
68.9,4.27,-0.977,2.7350890285,0.0163755063
69,4.294,-0.992,2.7743168663,-0.0058713388
69.1,4.319,-1.007,2.7875342575,-0.0255291183
69.2,4.345,-1.024,2.8154628816,-0.0521840975
69.3,4.372,-1.042,2.8365495747,-0.0784448385
69.4,4.398,-1.061,2.8551203023,-0.1029159278
69.5,4.422,-1.08,2.869304294,-0.1269285381
69.6,4.443,-1.098,2.8819651673,-0.1518680006
69.7,4.461,-1.113,2.8946641774,-0.1773707271
69.8,4.476,-1.128,2.9064021407,-0.2044523805
69.9,4.492,-1.144,2.9185964419,-0.2337298542
70,4.507,-1.159,2.8990424885,-0.2417141348
70.1,4.522,-1.176,2.8597402274,-0.2322246581
70.2,4.537,-1.194,2.8330813659,-0.2292545289
70.3,4.551,-1.212,2.8055943328,-0.2237359732
70.4,4.565,-1.231,2.806069703,-0.2371486276
70.5,4.579,-1.251,2.8124469744,-0.2562431991
70.6,4.592,-1.271,2.8077347163,-0.2693551779
70.7,4.604,-1.292,2.8049001167,-0.2820059359
70.8,4.616,-1.313,2.8024017315,-0.2932940722
70.9,4.627,-1.334,2.7998244656,-0.3036726415
71,4.637,-1.356,2.7988863985,-0.3153533041
71.1,4.646,-1.377,2.7988154782,-0.327593267
71.2,4.654,-1.398,2.7987232309,-0.3408612609
71.3,4.662,-1.42,2.7971036663,-0.3535379469
71.4,4.67,-1.442,2.7961704685,-0.3668565452
71.5,4.676,-1.465,2.7939777887,-0.3793008924
71.6,4.683,-1.488,2.7923398824,-0.3950163126
71.7,4.688,-1.513,2.7899417895,-0.4100063443
71.8,4.694,-1.538,2.7888071767,-0.4320253134
71.9,4.698,-1.562,2.7867669675,-0.4490219653
72,4.701,-1.587,2.7831928413,-0.4685787261
72.1,4.703,-1.61,2.7769902718,-0.4839312732
72.2,4.705,-1.631,2.7690643984,-0.4904037714
72.3,4.706,-1.649,2.7626078913,-0.4961922169
72.4,4.706,-1.661,2.7561400645,-0.5044022202
72.5,4.706,-1.673,2.7517011378,-0.5259358883
72.6,4.706,-1.683,2.7444240752,-0.5432756543
72.7,4.705,-1.693,2.7365721364,-0.5528507233
72.8,4.704,-1.705,2.728292595,-0.5631253719
72.9,4.703,-1.72,2.7206091263,-0.5752257109
73,4.701,-1.735,2.7127099081,-0.5902789235
73.1,4.698,-1.752,2.7048433035,-0.604716599
73.2,4.694,-1.771,2.7021002284,-0.6213747859
73.3,4.689,-1.793,2.7006141651,-0.6525759697
73.4,4.683,-1.817,2.7007647686,-0.6835810542
73.5,4.675,-1.845,2.7017866742,-0.721138835
73.6,4.664,-1.877,2.7033841939,-0.7611706853
73.7,4.652,-1.911,2.7056062402,-0.7923426628
73.8,4.637,-1.95,2.7089058814,-0.8250411153
73.9,4.62,-1.993,2.713419917,-0.8582798839
74,4.6,-2.039,2.7159433931,-0.8777230382
74.1,4.579,-2.088,2.7131805373,-0.9079813361
74.2,4.556,-2.139,2.7092432314,-0.9431974292
74.3,4.533,-2.188,2.7066916963,-0.9691830873
74.4,4.51,-2.235,2.7018792956,-0.9936891794
74.5,4.487,-2.28,2.6950261408,-1.0233287811
74.6,4.465,-2.321,2.689815959,-1.0534991026
74.7,4.442,-2.362,2.685388547,-1.0644507408
74.8,4.418,-2.403,2.6804134309,-1.0828130245
74.9,4.392,-2.444,2.6758875107,-1.1038842201
75,4.364,-2.488,2.6676661316,-1.1337463856
75.1,4.335,-2.531,2.662671753,-1.1682344675
75.2,4.306,-2.573,2.6541257946,-1.204225421
75.3,4.275,-2.616,2.6442083651,-1.2371057272
75.4,4.244,-2.656,2.6361653965,-1.2653355598
75.5,4.213,-2.696,2.630257264,-1.2962516546
75.6,4.181,-2.736,2.6301696515,-1.316308856
75.7,4.148,-2.774,2.629675348,-1.354223609
75.8,4.117,-2.812,2.6266925721,-1.3963817358
75.9,4.083,-2.85,2.6259665623,-1.4300159216
76,4.051,-2.888,2.6283248432,-1.4611711502
76.1,4.019,-2.925,2.6314104031,-1.4952956438
76.2,3.989,-2.96,2.6315434665,-1.53460145
76.3,3.961,-2.994,2.6324410086,-1.5591549873
76.4,3.934,-3.027,2.634118366,-1.5668635368
76.5,3.906,-3.061,2.6366482067,-1.573469758
76.6,3.878,-3.097,2.6392890095,-1.5821176767
76.7,3.849,-3.134,2.6399835684,-1.5901392698
76.8,3.818,-3.174,2.6410015251,-1.6000114679
76.9,3.786,-3.215,2.6442786577,-1.6093758345
77,3.754,-3.257,2.646812342,-1.640848279
77.1,3.722,-3.299,2.6490160714,-1.6717056036
77.2,3.69,-3.342,2.649708825,-1.7037858963
77.3,3.658,-3.384,2.650287495,-1.7383691073
77.4,3.626,-3.427,2.6531437833,-1.7436931133
77.5,3.594,-3.472,2.6553651831,-1.7483860254
77.6,3.562,-3.514,2.6576333105,-1.7539259195
77.7,3.529,-3.559,2.6599864778,-1.7594249249
77.8,3.497,-3.602,2.6609549619,-1.7762645483
77.9,3.466,-3.646,2.6625572076,-1.7943882942
78,3.434,-3.69,2.6647339684,-1.814330101
78.1,3.402,-3.733,2.6667922663,-1.8392499685
78.2,3.37,-3.778,2.6641070687,-1.8755027056
78.3,3.337,-3.824,2.6634116808,-1.9162267447
78.4,3.302,-3.872,2.6648996578,-1.9586151838
78.5,3.268,-3.919,2.6651094146,-1.9999204874
78.6,3.234,-3.967,2.6631977432,-2.0366876125
78.7,3.197,-4.017,2.662590731,-2.0698039532
78.8,3.161,-4.067,2.6629426464,-2.0847775936
78.9,3.126,-4.114,2.6628676618,-2.0919127464
79,3.091,-4.161,2.6633076392,-2.0987393856
79.1,3.056,-4.209,2.6633841921,-2.1072797775
79.2,3.02,-4.255,2.662877739,-2.1132633686
79.3,2.985,-4.302,2.660821203,-2.1326847076
79.4,2.95,-4.348,2.6588507401,-2.1557834148
79.5,2.917,-4.391,2.653896992,-2.1718144417
79.6,2.887,-4.429,2.6425643811,-2.2129323483
79.7,2.86,-4.462,2.6248247196,-2.2615435123
79.8,2.836,-4.492,2.6057899536,-2.2800424099
79.9,2.813,-4.52,2.5876416431,-2.2948195934
80,2.789,-4.546,2.5694166314,-2.3089118004
80.1,2.765,-4.572,2.5519855301,-2.3181197643
80.2,2.74,-4.598,2.5368158722,-2.3259711266
80.3,2.716,-4.621,2.5224609242,-2.3322126865
80.4,2.695,-4.639,2.5050914575,-2.3399100304
80.5,2.676,-4.656,2.4876709805,-2.3491294384
80.6,2.656,-4.672,2.4788371079,-2.3532145023
80.7,2.637,-4.686,2.4696020777,-2.3520233631
80.8,2.618,-4.699,2.4633395886,-2.3506343365
80.9,2.602,-4.709,2.4557713772,-2.3519659042
81,2.578,-4.722,2.4478506872,-2.3539078236
81.1,2.555,-4.734,2.4385747548,-2.3557181358
81.2,2.531,-4.745,2.4283375553,-2.3561217785
81.3,2.507,-4.756,2.4200432621,-2.3591113091
81.4,2.485,-4.765,2.4044352597,-2.3631167412
81.5,2.466,-4.772,2.3849785192,-2.3680849075
81.6,2.449,-4.777,2.3717831094,-2.367013216
81.7,2.434,-4.782,2.3596131254,-2.367672205
81.8,2.421,-4.786,2.3492725543,-2.368103981
81.9,2.409,-4.789,2.3383915754,-2.3687186241
82,2.395,-4.792,2.3314314631,-2.3706843853
82.1,2.382,-4.795,2.3230775112,-2.3690695763
82.2,2.367,-4.797,2.315361874,-2.3668224812
82.3,2.352,-4.799,2.3098076787,-2.3670258522
82.4,2.337,-4.801,2.3037630929,-2.366361618
82.5,2.322,-4.802,2.2954189912,-2.3653655052
82.6,2.307,-4.803,2.2878314292,-2.3633923531
82.7,2.291,-4.803,2.2815170416,-2.3626763821
82.8,2.276,-4.803,2.2763752736,-2.3621594906
82.9,2.26,-4.802,2.2715950772,-2.3605513573
83,2.243,-4.801,2.2674506458,-2.3597180843
83.1,2.226,-4.8,2.261887122,-2.3588650227
83.2,2.208,-4.797,2.2570726512,-2.3572881222
83.3,2.184,-4.793,2.2537363405,-2.3549263477
83.4,2.167,-4.79,2.2486956616,-2.3503997326
83.5,2.144,-4.785,2.2397641943,-2.3483018875
83.6,2.12,-4.779,2.2322586719,-2.3464374542
83.7,2.089,-4.77,2.2262648258,-2.343323946
83.8,2.061,-4.76,2.2210221189,-2.3395695686
83.9,2.033,-4.75,2.2140037811,-2.3376455307
84,2.003,-4.738,2.2046926286,-2.3377096653
84.1,1.97,-4.724,2.1916948557,-2.337590456
84.2,1.936,-4.708,2.1780198418,-2.338031292
84.3,1.906,-4.693,2.1702259041,-2.3377406597
84.4,1.859,-4.667,2.1620008979,-2.3388540745
84.5,1.818,-4.644,2.1546971369,-2.3374774456
84.6,1.775,-4.618,2.1485373752,-2.3349208832
84.7,1.733,-4.591,2.1366468427,-2.3329708576
84.8,1.691,-4.564,2.1229948827,-2.3293352127
84.9,1.65,-4.535,2.1156987863,-2.3231935501
85,1.61,-4.506,2.1122137974,-2.3164846897
85.1,1.572,-4.477,2.1092244286,-2.3087911606
85.2,1.534,-4.447,2.1062613337,-2.2996435165
85.3,1.498,-4.417,2.0952622235,-2.2890994549
85.4,1.463,-4.387,2.0608977836,-2.2777223587
85.5,1.427,-4.355,2.0394470291,-2.2793471813
85.6,1.39,-4.32,2.0256916736,-2.2824699879
85.7,1.351,-4.283,2.0137086787,-2.2868757248
85.8,1.313,-4.245,1.9986494982,-2.2864551544
85.9,1.276,-4.208,1.9829169204,-2.283867836
86,1.24,-4.172,1.9551682096,-2.2777028084
86.1,1.207,-4.137,1.9459218001,-2.2794008255
86.2,1.175,-4.104,1.9376160436,-2.2805349827
86.3,1.143,-4.071,1.9216317467,-2.2817933559
86.4,1.112,-4.038,1.9082965524,-2.2821543217
86.5,1.081,-4.006,1.8893724527,-2.2802565098
86.6,1.05,-3.973,1.8546685828,-2.2751889229
86.7,1.017,-3.939,1.8238552049,-2.2711718082
86.8,0.984,-3.904,1.7895966625,-2.2676231861
86.9,0.95,-3.868,1.7531662079,-2.2638185024
87,0.916,-3.832,1.7194406394,-2.2603120804
87.1,0.881,-3.794,1.6825949898,-2.2563641071
87.2,0.846,-3.756,1.6531284292,-2.2495572567
87.3,0.81,-3.717,1.6196470824,-2.2442221642
87.4,0.774,-3.677,1.5858357845,-2.2406060696
87.5,0.739,-3.638,1.553581162,-2.2369015217
87.6,0.702,-3.597,1.5387120118,-2.2308385372
87.7,0.664,-3.555,1.5424686066,-2.2278931141
87.8,0.628,-3.515,1.5307163213,-2.2274894714
87.9,0.592,-3.474,1.5059266952,-2.2242209911
88,0.556,-3.432,1.4808088721,-2.2193100452
88.1,0.519,-3.39,1.4592084441,-2.2169024944
88.2,0.484,-3.35,1.4432997549,-2.2156646252
88.3,0.447,-3.308,1.4284286937,-2.2129285336
88.4,0.411,-3.265,1.4115940688,-2.2104065418
88.5,0.375,-3.224,1.3918614143,-2.208009243
88.6,0.34,-3.182,1.3734233391,-2.204654932
88.7,0.304,-3.141,1.3568896199,-2.2022378445
88.8,0.269,-3.099,1.3409899439,-2.1996853352
88.9,0.234,-3.057,1.3258320191,-2.1962316036
89,0.198,-3.014,1.3105295136,-2.1933481693
89.1,0.162,-2.97,1.2933271369,-2.1899797916
89.2,0.126,-2.927,1.2774065843,-2.1858785152
89.3,0.091,-2.884,1.261971807,-2.1825716496
89.4,0.056,-2.841,1.2462326683,-2.1779501438
89.5,0.02,-2.797,1.2292409543,-2.1708483696
89.6,-0.016,-2.753,1.2077639566,-2.1629443169
89.7,-0.051,-2.709,1.179572952,-2.1509912014
89.8,-0.087,-2.662,1.1435722047,-2.134493351
89.9,-0.121,-2.617,1.1204548951,-2.1150810719
90,-0.145,-2.585,1.0966872803,-2.0949306488
90.1,-0.173,-2.545,1.0808947004,-2.0746462345
90.2,-0.203,-2.499,1.0714470136,-2.0567185879
90.3,-0.223,-2.467,1.060252859,-2.0363280773
90.4,-0.24,-2.437,1.0465687805,-2.0112309456
90.5,-0.256,-2.406,1.0284694989,-1.9844168425
90.6,-0.271,-2.377,1.0113981642,-1.9635000229
90.7,-0.286,-2.345,0.9987614631,-1.9443416596
90.8,-0.299,-2.313,0.9780991668,-1.9251681566
90.9,-0.311,-2.283,0.9672358935,-1.9062920809
91,-0.32,-2.256,0.954908707,-1.8815478087
91.1,-0.328,-2.232,0.9432104045,-1.8557243347
91.2,-0.333,-2.211,0.9282015632,-1.8260774612
91.3,-0.339,-2.191,0.9093055567,-1.7920920849
91.4,-0.344,-2.168,0.8896302886,-1.7562012672
91.5,-0.349,-2.144,0.8762530048,-1.7287763357
91.6,-0.353,-2.118,0.8687378029,-1.7105787993
91.7,-0.356,-2.091,0.8628847162,-1.695317626
91.8,-0.359,-2.065,0.85815409,-1.6819478273
91.9,-0.361,-2.04,0.8543704021,-1.6625596285
92,-0.362,-2.015,0.8514224063,-1.6439571381
92.1,-0.362,-1.989,0.8514205135,-1.6287909746
92.2,-0.361,-1.965,0.8512851897,-1.6069902182
92.3,-0.36,-1.942,0.8515670179,-1.5875242949
92.4,-0.358,-1.92,0.8529018616,-1.5688768625
92.5,-0.356,-1.899,0.8544887902,-1.5494769812
92.6,-0.353,-1.878,0.8566672237,-1.533575058
92.7,-0.35,-1.855,0.8582472661,-1.5160037279
92.8,-0.345,-1.832,0.8597576907,-1.4977314472
92.9,-0.34,-1.808,0.8618283386,-1.4805852175
93,-0.333,-1.782,0.8648008442,-1.4626301527
93.1,-0.325,-1.755,0.8718384844,-1.4588446617
93.2,-0.316,-1.727,0.8766606366,-1.4457710981
93.3,-0.306,-1.699,0.8814298637,-1.4296507835
93.4,-0.296,-1.672,0.8865376949,-1.4144456387
93.5,-0.284,-1.644,0.8917374671,-1.399194479
93.6,-0.271,-1.616,0.8965241916,-1.3846142292
93.7,-0.258,-1.589,0.9011182468,-1.37114954
93.8,-0.242,-1.56,0.9058064618,-1.3578826189
93.9,-0.225,-1.53,0.9111008277,-1.3461890221
94,-0.205,-1.498,0.916163306,-1.3324496746
94.1,-0.184,-1.466,0.9188050978,-1.3180681467
94.2,-0.161,-1.433,0.9207365107,-1.3019661903
94.3,-0.135,-1.398,0.9232507602,-1.2864823341
94.4,-0.106,-1.361,0.9277727561,-1.2685636282
94.5,-0.076,-1.325,0.9344072052,-1.245895505
94.6,-0.045,-1.289,0.9377438245,-1.2276953459
94.7,-0.013,-1.254,0.9409909601,-1.2080491781
94.8,0.019,-1.219,0.9465999599,-1.1858431101
94.9,0.052,-1.186,0.9492477336,-1.1731131077
95,0.084,-1.155,0.9536887,-1.1551362276
95.1,0.116,-1.124,0.9584748474,-1.1342104673
95.2,0.149,-1.094,0.9630287439,-1.1120625734
95.3,0.184,-1.062,0.9688663435,-1.0917056799
95.4,0.22,-1.031,0.9735356819,-1.0759294033
95.5,0.256,-1.001,0.9779487423,-1.060939908
95.6,0.293,-0.97,0.9834947858,-1.0441551209
95.7,0.33,-0.94,0.9867182984,-1.027849555
95.8,0.368,-0.91,0.9897211052,-1.0137041807
95.9,0.406,-0.882,0.9936977364,-0.9993256927
96,0.445,-0.853,0.9972396161,-0.9864439964
96.1,0.483,-0.825,0.9997381001,-0.9712451696
96.2,0.52,-0.799,1.0005195235,-0.9556650519
96.3,0.557,-0.773,1.0020704928,-0.9418605566
96.4,0.594,-0.748,1.0040111523,-0.9267168641
96.5,0.629,-0.724,1.0041360992,-0.9157354236
96.6,0.662,-0.702,1.0063327075,-0.8955592513
96.7,0.694,-0.681,1.011393274,-0.8615005016
96.8,0.723,-0.661,1.0126027993,-0.8404864669
96.9,0.754,-0.64,1.0139549174,-0.8236807585
97,0.784,-0.619,1.0156471073,-0.8095157743
97.1,0.814,-0.599,1.0166395192,-0.799646914
97.2,0.846,-0.577,1.0167678828,-0.7864097357
97.3,0.877,-0.556,1.0161502316,-0.7722032666
97.4,0.906,-0.536,1.0163384919,-0.761500299
97.5,0.935,-0.516,1.0162698626,-0.7483506203
97.6,0.961,-0.497,1.0161332771,-0.7341156602
97.7,0.989,-0.478,1.0172302645,-0.7160708308
97.8,1.014,-0.46,1.0165629508,-0.6974621415
97.9,1.04,-0.441,1.0145617804,-0.6819267869
98,1.067,-0.422,1.0129142952,-0.6697186232
98.1,1.093,-0.403,1.0114050681,-0.656496644
98.2,1.119,-0.384,1.0099989185,-0.6452800632
98.3,1.144,-0.365,1.0072859024,-0.6370811462
98.4,1.168,-0.347,1.0034371275,-0.6292755604
98.5,1.192,-0.328,1.0002438223,-0.6179459691
98.6,1.216,-0.31,0.9963582083,-0.611797154
98.7,1.24,-0.292,0.9927836855,-0.6013544202
98.8,1.263,-0.273,0.988551146,-0.5949831009
98.9,1.287,-0.254,0.9853837967,-0.5882519484
99,1.311,-0.234,0.9820178915,-0.5777519941
99.1,1.334,-0.215,0.9772461251,-0.5723884106
99.2,1.358,-0.195,0.9731247605,-0.5619485378
99.3,1.38,-0.176,0.9689672591,-0.5507398844
99.4,1.403,-0.156,0.963556718,-0.5407159925
99.5,1.425,-0.136,0.9589519371,-0.5345454812
99.6,1.447,-0.117,0.9549293548,-0.5240508318
99.7,1.47,-0.096,0.9502764013,-0.5143196583
99.8,1.491,-0.076,0.9453131081,-0.5083870292
99.9,1.512,-0.056,0.9410578898,-0.4965070784
100,1.534,-0.034,0.936863106,-0.4855000377
100.1,1.556,-0.012,0.9327592,-0.472365737
100.2,1.579,0.011,0.928065022,-0.4613863528
100.3,1.603,0.035,0.923781378,-0.4482308626
100.4,1.628,0.062,0.9189776412,-0.4335007668
100.5,1.654,0.089,0.9137751892,-0.4177967906
100.6,1.681,0.118,0.9090754957,-0.4091017544
100.7,1.708,0.147,0.9060388585,-0.3978306651
100.8,1.735,0.176,0.9037131899,-0.387660414
100.9,1.761,0.206,0.9000961345,-0.3684978485
101,1.788,0.237,0.894643817,-0.3524415195
101.1,1.819,0.272,0.8914831331,-0.33212322
101.2,1.849,0.307,0.8891097752,-0.309210062
101.3,1.881,0.345,0.8846233084,-0.2950118482
101.4,1.915,0.385,0.8807500194,-0.2804654837
101.5,1.949,0.425,0.8792681186,-0.2696439624
101.6,1.983,0.465,0.8777195505,-0.2566871941
101.7,2.018,0.504,0.8756231358,-0.2388108522
101.8,2.052,0.544,0.8742232672,-0.2207555473
101.9,2.086,0.582,0.8725255883,-0.1980847567
102,2.12,0.621,0.8717469071,-0.1705206931
102.1,2.154,0.66,0.8731223684,-0.1427716017
102.2,2.186,0.697,0.8757299263,-0.1151583493
102.3,2.218,0.733,0.8796609178,-0.0973087624
102.4,2.248,0.766,0.8838490191,-0.0549238026
102.5,2.278,0.799,0.8940659913,-0.0563822277
102.6,2.303,0.826,0.9028920956,-0.0198042914
102.7,2.324,0.848,0.9130104269,0.0189335812
102.8,2.342,0.865,0.9248167916,0.0505472831
102.9,2.358,0.88,0.9380844663,0.0607298389
103,2.37,0.892,0.952472828,0.0668601319
103.1,2.383,0.903,0.9663103604,0.0942994878
103.2,2.397,0.915,0.9671802015,0.103017576
103.3,2.41,0.926,0.9969581264,0.1040385887
103.4,2.421,0.935,1.0084839203,0.1155951023
103.5,2.433,0.943,1.0246038942,0.1223965883
103.6,2.445,0.952,1.044189545,0.1367987394
103.7,2.456,0.959,1.0578253027,0.1443601102
103.8,2.468,0.967,1.0778716654,0.154441312
103.9,2.481,0.975,1.0921045194,0.1660711914
104,2.495,0.982,1.1100323504,0.1798731089
104.1,2.512,0.991,1.125907763,0.1893482953
104.2,2.529,0.999,1.1417625869,0.1976505518
104.3,2.545,1.006,1.1582172607,0.2055537254
104.4,2.561,1.012,1.1734718758,0.2116162926
104.5,2.576,1.017,1.1857516193,0.2146020234
104.6,2.587,1.021,1.1937207483,0.2151867896
104.7,2.594,1.023,1.1982144605,0.2127387822
104.8,2.598,1.024,1.2111122872,0.2113039792
104.9,2.597,1.024,1.2201960666,0.2081083208
105,2.595,1.023,1.2286164634,0.2047794163
105.1,2.592,1.023,1.2410708242,0.2038351446
105.2,2.591,1.022,1.2552665027,0.2022205293
105.3,2.592,1.023,1.2727843583,0.2024450898
105.4,2.596,1.023,1.2949304918,0.202767536
105.5,2.602,1.024,1.3198557108,0.2024719715
105.6,2.612,1.025,1.3468200515,0.2048370689
105.7,2.622,1.026,1.3719551792,0.2125668228
105.8,2.637,1.026,1.3978765492,0.2233796716
105.9,2.656,1.026,1.4259251423,0.2359352559
106,2.677,1.025,1.4572080667,0.2495997101
106.1,2.701,1.023,1.4824471559,0.2634174824
106.2,2.729,1.021,1.5126411402,0.2741169631
106.3,2.758,1.018,1.5421759769,0.2860089242
106.4,2.788,1.014,1.5711698224,0.2952748835
106.5,2.818,1.009,1.5932366283,0.3029212952
106.6,2.848,1.004,1.607452507,0.3014987111
106.7,2.875,0.999,1.6120461355,0.2914262116
106.8,2.892,0.995,1.6094249807,0.2777465582
106.9,2.899,0.994,1.6106484288,0.2638147175
107,2.9,0.994,1.6226592561,0.2519923151
107.1,2.896,0.995,1.6316438864,0.2404514253
107.2,2.892,0.996,1.6394830662,0.2320352495
107.3,2.887,0.997,1.6471054554,0.2219521403
107.4,2.886,0.997,1.6549583547,0.2097125053
107.5,2.886,0.997,1.6602888226,0.1981587559
107.6,2.886,0.997,1.6650807112,0.1866497695
107.7,2.885,0.998,1.6719714603,0.1698639542
107.8,2.884,0.998,1.6785348193,0.1610787958
107.9,2.883,0.999,1.6846614136,0.1506576389
108,2.881,1,1.6899178636,0.1396871805
108.1,2.879,1,1.6953079272,0.129128471
108.2,2.878,1.001,1.7016809766,0.1158673316
108.3,2.876,1.002,1.7087266646,0.1031926647
108.4,2.876,1.002,1.7152089974,0.0906554088
108.5,2.876,1.002,1.720746879,0.0810634196
108.6,2.877,1.002,1.7261153063,0.0679013431
108.7,2.877,1.001,1.7304699372,0.0574789457
108.8,2.878,1.001,1.7335013418,0.0469272695
108.9,2.879,1,1.736454835,0.0371196158
109,2.881,0.998,1.739409861,0.0262494273
109.1,2.883,0.996,1.74233264,0.0158033092
109.2,2.885,0.994,1.7446124818,0.00827628
109.3,2.888,0.991,1.7471869379,-0.0010740326
109.4,2.891,0.988,1.7486254529,-0.0049538077
109.5,2.893,0.986,1.7483404825,-0.0066577131
109.6,2.895,0.983,1.7471380926,-0.0064969645
109.7,2.897,0.981,1.7459893978,-0.0065303883
109.8,2.897,0.981,1.7452712732,-0.0102728168
109.9,2.896,0.982,1.7453031944,-0.0155192306
110,2.896,0.983,1.7464223994,-0.0187356286
110.1,2.896,0.982,1.7449502127,-0.019223744
110.2,2.896,0.982,1.7445903203,-0.0216992386
110.3,2.896,0.983,1.7454409173,-0.024026515
110.4,2.896,0.983,1.7452653577,-0.0259146262
110.5,2.896,0.983,1.744132177,-0.0292993337
110.6,2.896,0.983,1.7435771198,-0.031915985
110.7,2.896,0.983,1.7434259767,-0.0341038555
110.8,2.896,0.983,1.7429622332,-0.0373028889
110.9,2.896,0.983,1.7430609851,-0.0402214713
111,2.896,0.983,1.741889236,-0.043251276
111.1,2.896,0.983,1.7408704197,-0.0471244641
111.2,2.896,0.983,1.7398692151,-0.0500344411
111.3,2.896,0.983,1.7391893305,-0.0524146482
111.4,2.896,0.983,1.7382189584,-0.0556872822
111.5,2.896,0.983,1.7382038678,-0.0597570725
111.6,2.896,0.983,1.7370362964,-0.0646641552
111.7,2.896,0.983,1.734321425,-0.0726383403
111.8,2.895,0.983,1.7319216097,-0.0778702125
111.9,2.895,0.984,1.7302515305,-0.0856204778
112,2.894,0.984,1.7278398659,-0.0950258896
112.1,2.894,0.985,1.7249248729,-0.105631128
112.2,2.893,0.986,1.7218947711,-0.1173645258
112.3,2.892,0.987,1.7190327907,-0.1287142187
112.4,2.892,0.988,1.7169756121,-0.1397448927
112.5,2.89,0.989,1.7159197535,-0.1487480104
112.6,2.89,0.99,1.7130932663,-0.1583774388
112.7,2.889,0.992,1.7091475513,-0.1661550105
112.8,2.888,0.993,1.7059394647,-0.1736502945
112.9,2.888,0.994,1.7030994303,-0.1824786365
113,2.887,0.994,1.6986327217,-0.1888378859
113.1,2.887,0.995,1.6952066978,-0.1935034245
113.2,2.886,0.996,1.6856578819,-0.1946582496
113.3,2.886,0.996,1.6791833032,-0.1926845312
113.4,2.886,0.997,1.6773303008,-0.1919377893
113.5,2.886,0.997,1.6743820818,-0.1938446462
113.6,2.885,0.998,1.6737138345,-0.1981436461
113.7,2.886,0.997,1.6728340965,-0.1996768415
113.8,2.886,0.997,1.6680900866,-0.2034078985
113.9,2.886,0.997,1.6640184648,-0.2040328532
114,2.886,0.997,1.662920109,-0.2042899877
114.1,2.886,0.997,1.6634104538,-0.2053341866
114.2,2.886,0.997,1.6636390392,-0.2060965747
114.3,2.886,0.997,1.6619527046,-0.2070351541
114.4,2.886,0.997,1.6584988095,-0.2063744813
114.5,2.886,0.997,1.6552629503,-0.2048029453
114.6,2.886,0.997,1.6559573367,-0.2045351863
114.7,2.886,0.997,1.6558678089,-0.2045280486
114.8,2.886,0.997,1.6547185713,-0.2039376199
114.9,2.886,0.997,1.653527601,-0.204263106
115,2.886,0.997,1.6512417296,-0.2026358843
115.1,2.886,0.997,1.6506586218,-0.2016261965
115.2,2.886,0.997,1.6504439258,-0.2011725158
115.3,2.886,0.997,1.650027794,-0.2008139193
115.4,2.886,0.997,1.6491764919,-0.2013073415
115.5,2.886,0.997,1.6474755041,-0.1989521235
115.6,2.886,0.997,1.646734379,-0.1979771405
115.7,2.886,0.997,1.6465860311,-0.1974923462
115.8,2.886,0.997,1.6467080169,-0.1972612441
115.9,2.886,0.997,1.6466165068,-0.1973998547
116,2.886,0.997,1.6460460962,-0.1962022185
116.1,2.886,0.997,1.6455056001,-0.1944473237
116.2,2.886,0.997,1.6453357844,-0.1935146898
116.3,2.886,0.997,1.6454512098,-0.1928509027
116.4,2.886,0.997,1.6457414816,-0.192411229
116.5,2.886,0.997,1.6462587579,-0.1923876256
116.6,2.886,0.997,1.6463690653,-0.1898188889
116.7,2.886,0.997,1.6470095223,-0.188696906
116.8,2.886,0.997,1.6472057356,-0.1876657456
116.9,2.886,0.997,1.6475075383,-0.1871110201
117,2.886,0.997,1.6479326293,-0.1866360009
117.1,2.886,0.997,1.6484359036,-0.1861458719
117.2,2.886,0.997,1.6491227317,-0.1843716353
117.3,2.886,0.997,1.649289171,-0.182645604
117.4,2.886,0.997,1.6497823659,-0.181649372
117.5,2.886,0.997,1.6502137231,-0.1810186058
117.6,2.886,0.997,1.6500441365,-0.1805872321
117.7,2.886,0.997,1.6511341308,-0.1785298288
117.8,2.886,0.997,1.6518960048,-0.1773397475
117.9,2.886,0.997,1.6522678451,-0.1765149683
118,2.886,0.997,1.6524575616,-0.1760129631
118.1,2.886,0.997,1.6531538109,-0.1755750477
118.2,2.886,0.997,1.6542840663,-0.1742318869
118.3,2.886,0.997,1.6557387225,-0.1729189307
118.4,2.886,0.997,1.6567224693,-0.1720962375
118.5,2.886,0.997,1.657618384,-0.1711735725
118.6,2.886,0.997,1.6582181744,-0.1704882085
118.7,2.886,0.997,1.6586855242,-0.1696406901
118.8,2.886,0.997,1.6605509212,-0.1684740633
118.9,2.886,0.997,1.6618334278,-0.1678337604
119,2.886,0.997,1.6623503598,-0.1671324223
119.1,2.886,0.997,1.6624021276,-0.1667371094
119.2,2.886,0.997,1.6633023745,-0.1661424786
119.3,2.886,0.997,1.6640381193,-0.165505603
119.4,2.886,0.997,1.6658787983,-0.1647730321
119.5,2.886,0.997,1.6667629782,-0.1640844792
119.6,2.886,0.997,1.6674317361,-0.1635475308
119.7,2.886,0.997,1.6680025731,-0.1629416049
119.8,2.886,0.997,1.6690795491,-0.1626518965
119.9,2.886,0.997,1.6696288458,-0.1622914225
120,2.886,0.997,1.6712552611,-0.1621803194
120.1,2.886,0.997,1.6725557179,-0.161962539
120.2,2.886,0.997,1.6731407247,-0.1615745127
120.3,2.886,0.997,1.6734779765,-0.1612404138
120.4,2.886,0.997,1.6744103529,-0.1607095152
120.5,2.886,0.997,1.6764727394,-0.1609805971
120.6,2.886,0.997,1.6778811059,-0.1611298919
120.7,2.886,0.997,1.6792520877,-0.1610469818
120.8,2.886,0.997,1.679750423,-0.1606213003
120.9,2.886,0.997,1.6802514702,-0.1603186727
121,2.886,0.997,1.6807740634,-0.1598611027
121.1,2.886,0.997,1.6823825542,-0.1605849564
121.2,2.886,0.997,1.6833522626,-0.1611596793
121.3,2.886,0.997,1.6844048778,-0.1613357365
121.4,2.886,0.997,1.6850553139,-0.1612636596
121.5,2.886,0.997,1.6852821328,-0.1606420875
121.6,2.886,0.997,1.6865964156,-0.1610414088
121.7,2.886,0.997,1.6872564066,-0.1622051597
121.8,2.886,0.997,1.6880194289,-0.1625949889
121.9,2.886,0.997,1.6885067499,-0.1628784388
122,2.886,0.997,1.6890078135,-0.1624158323
122.1,2.886,0.997,1.6893102924,-0.1621990055
122.2,2.886,0.997,1.690368501,-0.16547589
122.3,2.886,0.997,1.6905190943,-0.169192791
122.4,2.886,0.997,1.6899447599,-0.1731949747
122.5,2.885,0.997,1.689142482,-0.1759561598
122.6,2.885,0.998,1.689128699,-0.1791448444
122.7,2.885,0.999,1.6891359118,-0.1823344529
122.8,2.884,1.001,1.6888288587,-0.1867495179
122.9,2.883,1.002,1.6876111551,-0.1912621856
123,2.883,1.003,1.6860751611,-0.1954921484
123.1,2.882,1.004,1.6839884694,-0.2014548033
123.2,2.881,1.007,1.681828934,-0.2080746889
123.3,2.88,1.009,1.6797533338,-0.2134764194
123.4,2.879,1.011,1.6761374233,-0.2176956832
123.5,2.879,1.013,1.6737362288,-0.2224751115
123.6,2.878,1.016,1.6673841867,-0.2302422822
123.7,2.877,1.019,1.6603903629,-0.2390811294
123.8,2.876,1.021,1.6532098714,-0.2472767234
123.9,2.875,1.024,1.645499447,-0.2554539442
124,2.874,1.027,1.637702855,-0.2635706067
124.1,2.873,1.03,1.6366162201,-0.2658369839
124.2,2.872,1.033,1.6354695116,-0.2690901458
124.3,2.872,1.036,1.6322902506,-0.2710151076
124.4,2.871,1.04,1.627673381,-0.2714023888
124.5,2.87,1.044,1.6239566662,-0.2715850174
124.6,2.869,1.048,1.622714294,-0.2736915052
124.7,2.868,1.053,1.6213825664,-0.2770931721
124.8,2.868,1.057,1.6191502922,-0.2777962089
124.9,2.867,1.061,1.6124522679,-0.2741596997
125,2.867,1.064,1.605885447,-0.2742423415
125.1,2.867,1.067,1.6008155715,-0.2751500607
125.2,2.866,1.07,1.6025054427,-0.2710819244
125.3,2.866,1.072,1.5966345419,-0.2628558576
125.4,2.866,1.076,1.5922203399,-0.256005615
125.5,2.866,1.078,1.5792926935,-0.2463564277
125.6,2.866,1.081,1.5735521861,-0.2423719764
125.7,2.866,1.085,1.5680147411,-0.2394381911
125.8,2.867,1.089,1.5644151893,-0.23435615
125.9,2.867,1.092,1.5595611782,-0.2296704352
126,2.867,1.095,1.5546907056,-0.2249667794
126.1,2.868,1.098,1.550764186,-0.2195707709
126.2,2.868,1.101,1.5452948174,-0.213883847
126.3,2.868,1.104,1.5399064309,-0.2090985775
126.4,2.869,1.107,1.5368196912,-0.2044502497
126.5,2.87,1.109,1.5338594452,-0.1998790205
126.6,2.87,1.112,1.5304508737,-0.1953936815
126.7,2.871,1.115,1.526934045,-0.1918574125
126.8,2.872,1.117,1.5243825211,-0.1889702827
126.9,2.872,1.118,1.5218754979,-0.1870631129
127,2.872,1.12,1.5196034594,-0.1851928532
127.1,2.873,1.12,1.5171510194,-0.1834710985
127.2,2.873,1.122,1.5118962931,-0.1824843585
127.3,2.874,1.123,1.5079878108,-0.1819430292
127.4,2.874,1.124,1.5043820131,-0.1819674373
127.5,2.875,1.126,1.5004433016,-0.1824168265
127.6,2.876,1.128,1.4960286136,-0.1825242341
127.7,2.877,1.129,1.4896716287,-0.1819424331
127.8,2.878,1.132,1.4811383407,-0.181645453
127.9,2.879,1.134,1.4727173173,-0.1794137657
128,2.88,1.136,1.4673514205,-0.1768884063
128.1,2.882,1.138,1.4623738392,-0.1760129035
128.2,2.883,1.14,1.4578056641,-0.1757052839
128.3,2.885,1.143,1.4520497016,-0.1753814071
128.4,2.887,1.145,1.4459566276,-0.1751650125
128.5,2.889,1.148,1.4412398252,-0.175929442
128.6,2.891,1.15,1.4363106873,-0.1759369224
128.7,2.893,1.154,1.431544829,-0.1755408943
128.8,2.896,1.157,1.4276821933,-0.1747592539
128.9,2.899,1.16,1.4174635435,-0.1687092632
129,2.903,1.163,1.4132905481,-0.1683628559
129.1,2.906,1.167,1.4098207936,-0.1693175584
129.2,2.909,1.17,1.4058671282,-0.1689519137
129.3,2.913,1.173,1.4014491167,-0.1676207632
129.4,2.916,1.175,1.3970266834,-0.1648536175
129.5,2.919,1.177,1.3929429694,-0.162947461
129.6,2.922,1.18,1.3883982229,-0.1620565355
129.7,2.926,1.182,1.3840283569,-0.161533609
129.8,2.929,1.185,1.3790687106,-0.1586455554
129.9,2.932,1.187,1.3739091145,-0.1556987762
130,2.936,1.189,1.3688973637,-0.1545691341
130.1,2.939,1.191,1.3632839641,-0.1544507444
130.2,2.943,1.193,1.3580372301,-0.1556275934
130.3,2.947,1.195,1.3523169061,-0.1563368291
130.4,2.951,1.197,1.3472961566,-0.1556868255
130.5,2.955,1.199,1.3420485675,-0.1538379639
130.6,2.959,1.2,1.3351375343,-0.1521007866
130.7,2.963,1.202,1.327720958,-0.150928095
130.8,2.968,1.204,1.3201044851,-0.148229748
130.9,2.972,1.205,1.3124909922,-0.1452837735
131,2.977,1.207,1.3066315543,-0.1420589983
131.1,2.982,1.208,1.3022607984,-0.1408921927
131.2,2.986,1.209,1.2944157554,-0.1397280991
131.3,2.99,1.21,1.2860968262,-0.1386699975
131.4,2.993,1.211,1.2776338016,-0.1376692802
131.5,2.997,1.211,1.2709022607,-0.133226797
131.6,3.001,1.212,1.2618446336,-0.1274591386
131.7,3.004,1.212,1.2533385361,-0.1241338477
131.8,3.008,1.213,1.2440900541,-0.1226292104
131.9,3.011,1.213,1.2371555111,-0.1195777357
132,3.015,1.213,1.2295992471,-0.1149510443
132.1,3.02,1.213,1.2219937606,-0.1093706116
132.2,3.023,1.213,1.2165760626,-0.1042252034
132.3,3.027,1.213,1.2097839792,-0.1002139673
132.4,3.03,1.213,1.2049925015,-0.0955911875
132.5,3.034,1.213,1.1976126858,-0.0885443538
132.6,3.037,1.213,1.1924774627,-0.0828987211
132.7,3.041,1.212,1.1903954424,-0.0746552125
132.8,3.045,1.212,1.1831670785,-0.0703377947
132.9,3.048,1.211,1.1768640482,-0.0657071993
133,3.052,1.21,1.1725508366,-0.0588400848
133.1,3.055,1.209,1.1663253042,-0.054474175
133.2,3.058,1.209,1.1601451557,-0.0475089289
133.3,3.062,1.207,1.1550510124,-0.0420563556
133.4,3.065,1.206,1.1526719753,-0.0353651978
133.5,3.069,1.205,1.149686132,-0.0295113176
133.6,3.072,1.204,1.1417128279,-0.026146831
133.7,3.076,1.203,1.1373008348,-0.018192647
133.8,3.078,1.201,1.1301896086,-0.0167880096
133.9,3.081,1.2,1.1279900445,-0.0144799044
134,3.084,1.199,1.1237045738,-0.010188302
134.1,3.088,1.197,1.1203630434,-0.0102155507
134.2,3.091,1.195,1.1180078875,-0.0044684666
134.3,3.094,1.193,1.1154669174,0.0017373492
134.4,3.097,1.192,1.1124137448,0.0036157456
134.5,3.1,1.189,1.1116327449,0.0071015395
134.6,3.103,1.187,1.1101208823,0.012574668
134.7,3.106,1.185,1.1090214939,0.0162894744
134.8,3.11,1.182,1.1083194825,0.0206931122
134.9,3.113,1.18,1.1076884592,0.025889542
135,3.116,1.177,1.1077272554,0.0301038306
135.1,3.118,1.174,1.1072801087,0.0348189436
135.2,3.121,1.172,1.1071993894,0.0383109115
135.3,3.124,1.169,1.1074130423,0.0408288315
135.4,3.127,1.166,1.1070685836,0.0447439365
135.5,3.129,1.164,1.1071965535,0.0492811315
135.6,3.132,1.16,1.1071813329,0.0539896414
135.7,3.134,1.157,1.1072698193,0.0583617315
135.8,3.136,1.154,1.1074639189,0.0632454082
135.9,3.139,1.151,1.1073242298,0.0683187619
136,3.141,1.147,1.1075932195,0.0732309148
136.1,3.143,1.144,1.1077316922,0.0776878297
136.2,3.145,1.141,1.1082474434,0.0830623731
136.3,3.148,1.137,1.1093450763,0.0878008753
136.4,3.15,1.133,1.1103069071,0.0927823335
136.5,3.152,1.129,1.1117972363,0.0971388146
136.6,3.154,1.125,1.1131855167,0.1013514921
136.7,3.156,1.121,1.1148400337,0.1056756005
136.8,3.157,1.117,1.1164848529,0.1112264097
136.9,3.159,1.113,1.1178964184,0.1153908893
137,3.16,1.109,1.1191919712,0.120612964
137.1,3.162,1.105,1.1207665752,0.1258856803
137.2,3.163,1.101,1.1230131571,0.1296780407
137.3,3.164,1.097,1.1251714841,0.1338093877
137.4,3.165,1.093,1.1269994949,0.137977317
137.5,3.166,1.089,1.1290719513,0.1420012563
137.6,3.167,1.085,1.1312567376,0.1455514133
137.7,3.167,1.081,1.1337495822,0.1486165226
137.8,3.168,1.077,1.1367061079,0.1520949155
137.9,3.169,1.072,1.1395979981,0.1556613445
138,3.169,1.069,1.14221445,0.1590736508
138.1,3.169,1.064,1.1442507391,0.163468346
138.2,3.17,1.06,1.146833715,0.1680699587
138.3,3.17,1.055,1.148988271,0.1717505008
138.4,3.17,1.05,1.1521742916,0.1768400222
138.5,3.169,1.046,1.155342265,0.1816235632
138.6,3.169,1.042,1.1582225868,0.1868875325
138.7,3.169,1.037,1.1595357713,0.1936122328
138.8,3.168,1.033,1.1626898234,0.1986253709
138.9,3.168,1.029,1.1659605234,0.2035858631
139,3.167,1.025,1.1699943296,0.207314074
139.1,3.166,1.021,1.1736918187,0.2100388408
139.2,3.165,1.016,1.1771722476,0.2140801549
139.3,3.164,1.012,1.1808810472,0.2169046253
139.4,3.163,1.008,1.184422386,0.2196675986
139.5,3.162,1.003,1.1887855916,0.222091049
139.6,3.161,0.999,1.1932179264,0.224057883
139.7,3.16,0.996,1.1996457664,0.2294728309
139.8,3.158,0.992,1.2065768149,0.2330318987
139.9,3.156,0.987,1.2124747076,0.2398330867
140,3.155,0.983,1.2171370831,0.2443270385
140.1,3.153,0.979,1.2214624022,0.2458189577
140.2,3.15,0.974,1.2274175364,0.2495992035
140.3,3.148,0.97,1.2372204267,0.2594826519
140.4,3.146,0.966,1.2449063571,0.2663931549
140.5,3.144,0.963,1.2504034694,0.2679001093
140.6,3.142,0.959,1.2574814303,0.2699292898
140.7,3.139,0.956,1.264305466,0.2733981609
140.8,3.137,0.952,1.2712859657,0.2759072483
140.9,3.134,0.949,1.2800363627,0.2811229527
141,3.131,0.945,1.2904437406,0.2888360322
141.1,3.128,0.941,1.2997130413,0.2948905528
141.2,3.125,0.937,1.3114330568,0.2994121611
141.3,3.122,0.934,1.3225006426,0.3040652871
141.4,3.119,0.931,1.3369292031,0.3113648593
141.5,3.116,0.928,1.3513525844,0.3195003867
141.6,3.113,0.925,1.3623188946,0.323628366
141.7,3.11,0.923,1.374880847,0.3301628828
141.8,3.107,0.92,1.3855399384,0.3325885534
141.9,3.103,0.917,1.3956449473,0.3339491487
142,3.1,0.914,1.4071455343,0.3347912133
142.1,3.097,0.912,1.4178645226,0.3352083266
142.2,3.093,0.909,1.4303887682,0.3375173509
142.3,3.089,0.907,1.4413113115,0.3387347758
142.4,3.085,0.905,1.4517492252,0.3385486603
142.5,3.081,0.902,1.4616801597,0.3375984132
142.6,3.077,0.9,1.4720534881,0.3364814818
142.7,3.073,0.898,1.4842802498,0.3356802166
142.8,3.069,0.896,1.4954099199,0.3344404995
142.9,3.065,0.894,1.5076245096,0.3327564895
143,3.06,0.892,1.5188073432,0.3300205469
143.1,3.055,0.89,1.5289639714,0.327450186
143.2,3.051,0.888,1.5400233357,0.3252951503
143.3,3.046,0.887,1.5500470721,0.3225778639
143.4,3.041,0.885,1.5596514192,0.3189932108
143.5,3.036,0.884,1.5707343627,0.3145998418
143.6,3.031,0.882,1.5825184195,0.3098977506
143.7,3.026,0.881,1.5931106367,0.305478394
143.8,3.021,0.88,1.6044172575,0.3006750345
143.9,3.017,0.88,1.6124905505,0.296255976
144,3.011,0.879,1.6215385977,0.2914733887
144.1,3.006,0.878,1.6297709041,0.2867340446
144.2,3.001,0.878,1.637127341,0.2818901539
144.3,2.996,0.877,1.6453513719,0.2762100399
144.4,2.992,0.877,1.6519749712,0.2704654634
144.5,2.986,0.877,1.6593626112,0.2644351721
144.6,2.981,0.877,1.6674233652,0.2577039301
144.7,2.976,0.877,1.6752448742,0.2503962815
144.8,2.971,0.878,1.6824012951,0.2425996214
144.9,2.966,0.878,1.6891344494,0.2343153805
145,2.96,0.879,1.6963026706,0.2259853035
145.1,2.954,0.879,1.703769837,0.2181841135
145.2,2.949,0.88,1.7106146667,0.2106795758
145.3,2.943,0.881,1.716544053,0.2044412643
145.4,2.938,0.883,1.7228446033,0.1965248287
145.5,2.932,0.884,1.7292219771,0.1887045354
145.6,2.927,0.885,1.7360846375,0.1806338727
145.7,2.922,0.887,1.7416396665,0.1730177104
145.8,2.917,0.888,1.7466952035,0.1655143797
145.9,2.912,0.89,1.7517254597,0.1581745744
146,2.907,0.892,1.7563492648,0.1503188163
146.1,2.902,0.894,1.7613488857,0.1420845091
146.2,2.897,0.896,1.766200195,0.1342896968
146.3,2.893,0.898,1.7698419489,0.1264971644
146.4,2.888,0.901,1.7734304946,0.1186517626
146.5,2.884,0.903,1.7773515651,0.1102436557
146.6,2.879,0.906,1.7812000437,0.1010526642
146.7,2.875,0.908,1.7842644131,0.0909382924
146.8,2.871,0.911,1.7867042071,0.081905894
146.9,2.866,0.914,1.788174885,0.073623009
147,2.862,0.917,1.789725328,0.0647392124
147.1,2.858,0.92,1.7912902318,0.0556348152
147.2,2.854,0.923,1.7929399908,0.0459966771
147.3,2.85,0.926,1.794153107,0.037403971
147.4,2.846,0.93,1.7956894927,0.0282617789
147.5,2.842,0.933,1.7972305598,0.0193597097
147.6,2.839,0.937,1.7972305402,0.0115684913
147.7,2.835,0.941,1.7978513171,0.0026653868
147.8,2.831,0.945,1.7982262389,-0.004805929
147.9,2.827,0.949,1.7984603665,-0.0120966788
148,2.824,0.953,1.7991518624,-0.0207919907
148.1,2.821,0.957,1.7988686108,-0.0291293524
148.2,2.818,0.961,1.7982844617,-0.0376244113
148.3,2.814,0.965,1.7980330343,-0.0469734631
148.4,2.811,0.97,1.7969125136,-0.0543982685
148.5,2.808,0.975,1.7969091798,-0.0620554984
148.6,2.805,0.979,1.7953261855,-0.0686221942
148.7,2.802,0.984,1.7929112373,-0.0767308846
148.8,2.8,0.989,1.7911050442,-0.085548602
148.9,2.798,0.993,1.79011082,-0.0953940526
149,2.796,0.997,1.7884615797,-0.1034898981
149.1,2.794,1.002,1.7862120381,-0.1110306829
149.2,2.791,1.007,1.7831047328,-0.1192710698
149.3,2.789,1.012,1.7797146011,-0.1274428666
149.4,2.787,1.017,1.7762188795,-0.1354375482
149.5,2.786,1.022,1.7738827523,-0.1420374662
149.6,2.784,1.028,1.7715591324,-0.1479090601
149.7,2.782,1.033,1.7685406402,-0.1550949365
149.8,2.781,1.038,1.7645402228,-0.1630388498
149.9,2.78,1.044,1.758470998,-0.170378089
150,2.779,1.049,1.7551856335,-0.17788288
150.1,2.778,1.055,1.7510238359,-0.1819130629
150.2,2.777,1.061,1.7467528313,-0.1843340397
150.3,2.776,1.066,1.7436156966,-0.1859558821
150.4,2.776,1.07,1.7390478158,-0.1935474724
150.5,2.776,1.074,1.7337906561,-0.2045186758
150.6,2.775,1.077,1.7301501508,-0.2144078463
150.7,2.775,1.08,1.727482725,-0.2213672549
150.8,2.775,1.082,1.7233709631,-0.2227883935
150.9,2.775,1.085,1.7212528677,-0.2231853604
151,2.775,1.087,1.7206277378,-0.2237132192
151.1,2.775,1.09,1.7214239961,-0.222608313
151.2,2.775,1.091,1.7218097451,-0.2232699841
151.3,2.775,1.091,1.7210238732,-0.2256186903
151.4,2.775,1.091,1.7200040283,-0.2270331383
151.5,2.775,1.091,1.7195806654,-0.2285688519
151.6,2.775,1.091,1.7190187031,-0.2316403091
151.7,2.775,1.091,1.7177466225,-0.2349916846
151.8,2.775,1.091,1.7168329095,-0.2385332286
151.9,2.775,1.091,1.7163667267,-0.2416148782
152,2.775,1.091,1.7158512874,-0.2445481271
152.1,2.775,1.091,1.7141992667,-0.2484731823
152.2,2.775,1.091,1.7128465051,-0.2513234913
152.3,2.775,1.091,1.7120077946,-0.2541343868
152.4,2.775,1.091,1.7110286471,-0.2567773461
152.5,2.775,1.091,1.7106077868,-0.2590507269
152.6,2.775,1.091,1.7103641555,-0.2607853711
152.7,2.775,1.091,1.709833286,-0.2619735003
152.8,2.775,1.091,1.7093614822,-0.262584269
152.9,2.775,1.091,1.7090585197,-0.26267308
153,2.775,1.091,1.7086345878,-0.2631271482
153.1,2.775,1.091,1.7095797917,-0.2622362077
153.2,2.775,1.091,1.7096802253,-0.2621598244
153.3,2.775,1.091,1.7093478455,-0.2611172199
153.4,2.775,1.091,1.7092704588,-0.2601908147
153.5,2.775,1.091,1.7091432705,-0.2601920366
153.6,2.775,1.091,1.7101815949,-0.260032624
153.7,2.775,1.091,1.7110542518,-0.2595543265
153.8,2.775,1.091,1.711419654,-0.2589838505
153.9,2.775,1.091,1.7111063723,-0.2580088675
154,2.775,1.091,1.7110242953,-0.2577405274
154.1,2.775,1.091,1.7114794626,-0.2576830387
154.2,2.775,1.091,1.713046139,-0.2573563457
154.3,2.775,1.091,1.7141286376,-0.2568956614
154.4,2.775,1.091,1.7149198548,-0.2564377487
154.5,2.775,1.091,1.7141834096,-0.2560771406
154.6,2.775,1.091,1.7141044552,-0.256378293
154.7,2.775,1.091,1.7158832314,-0.2563803494
154.8,2.775,1.091,1.717650266,-0.2557481825
154.9,2.775,1.091,1.717690823,-0.2555603683
155,2.775,1.091,1.7176660835,-0.2551186979
155.1,2.775,1.091,1.7178092045,-0.255022347
155.2,2.775,1.091,1.7189639826,-0.2554387152
155.3,2.775,1.091,1.7203399284,-0.2557298839
155.4,2.775,1.091,1.7212469005,-0.2555039525
155.5,2.775,1.091,1.7224121645,-0.2551063895
155.6,2.775,1.091,1.7230100097,-0.2545083761
155.7,2.775,1.091,1.7232957379,-0.2538433969
155.8,2.775,1.091,1.7234267969,-0.2537122369
155.9,2.775,1.091,1.7251335127,-0.2548924387
156,2.775,1.091,1.7262361147,-0.2561315894
156.1,2.775,1.091,1.726787341,-0.2574234605
156.2,2.775,1.091,1.7268471986,-0.2586215138
156.3,2.775,1.091,1.7265773765,-0.2598111331
156.4,2.775,1.09,1.7261251722,-0.2613275349
156.5,2.775,1.09,1.7268686792,-0.2645382881
156.6,2.775,1.09,1.7268177577,-0.2677356899
156.7,2.775,1.09,1.7271134001,-0.2701942027
156.8,2.775,1.09,1.7264059921,-0.2734543383
156.9,2.775,1.09,1.7226274199,-0.2773916423
157,2.775,1.09,1.7192176531,-0.2822335064
157.1,2.775,1.091,1.717281835,-0.2873497605
157.2,2.775,1.092,1.7152416924,-0.292059809
157.3,2.775,1.094,1.7123599003,-0.2961038053
157.4,2.775,1.096,1.709307164,-0.3003877103
157.5,2.775,1.098,1.7056794422,-0.3046308458
157.6,2.775,1.101,1.700820992,-0.3084868789
157.7,2.776,1.105,1.6956296624,-0.3115086257
157.8,2.776,1.109,1.6903398755,-0.3139381111
157.9,2.777,1.114,1.683188364,-0.315325141
158,2.778,1.119,1.6763045987,-0.3179153204
158.1,2.778,1.124,1.6687755487,-0.3222799897
158.2,2.779,1.129,1.6596319152,-0.3284367323
158.3,2.78,1.134,1.6536787578,-0.333275944
158.4,2.782,1.14,1.6456278703,-0.3352665007
158.5,2.783,1.147,1.6385029939,-0.3384720087
158.6,2.785,1.153,1.6294909864,-0.3418145776
158.7,2.787,1.16,1.623469488,-0.3436100185
158.8,2.79,1.167,1.6176678356,-0.3453203738
158.9,2.792,1.175,1.6133053935,-0.3448964655
159,2.795,1.182,1.609402372,-0.3443618417
159.1,2.798,1.189,1.6015389147,-0.3468134403
159.2,2.801,1.196,1.5939118657,-0.3530484438
159.3,2.804,1.202,1.5881757742,-0.3540996611
159.4,2.807,1.208,1.5843077456,-0.3539879918
159.5,2.81,1.214,1.5779568968,-0.352463454
159.6,2.813,1.219,1.5698633092,-0.3463517427
159.7,2.817,1.226,1.5630012487,-0.3465565145
159.8,2.821,1.232,1.5550287427,-0.3463352621
159.9,2.825,1.238,1.548539161,-0.347237587
160,2.83,1.244,1.5377198231,-0.3517914414
160.1,2.834,1.25,1.5301218443,-0.3532035053
160.2,2.838,1.255,1.5242723745,-0.3577362597
160.3,2.843,1.261,1.514890081,-0.3639097214
160.4,2.847,1.266,1.5059208228,-0.3653249741
160.5,2.851,1.27,1.5007214148,-0.3664552569
160.6,2.856,1.275,1.4970464363,-0.3666184545
160.7,2.861,1.28,1.4936883799,-0.3688609302
160.8,2.865,1.285,1.489840134,-0.372443974
160.9,2.87,1.288,1.4838890155,-0.3782705963
161,2.873,1.291,1.4764449502,-0.3842266798
161.1,2.876,1.294,1.4695411224,-0.3894169331
161.2,2.88,1.297,1.4599014019,-0.3959340453
161.3,2.883,1.299,1.4523273477,-0.4008456469
161.4,2.885,1.301,1.4468244323,-0.404258579
161.5,2.888,1.303,1.4414413546,-0.4076525569
161.6,2.891,1.305,1.4357576786,-0.4106039703
161.7,2.894,1.306,1.4287675237,-0.4133017957
161.8,2.897,1.308,1.4238803756,-0.4154549837
161.9,2.899,1.309,1.4189957639,-0.4168543816
162,2.902,1.311,1.4123913679,-0.4179633558
162.1,2.906,1.312,1.4066195484,-0.4185838103
162.2,2.909,1.314,1.4010571592,-0.4189090133
162.3,2.911,1.315,1.3984456429,-0.4179398716
162.4,2.917,1.317,1.3952465188,-0.4167031646
162.5,2.92,1.318,1.3904726994,-0.4153146148
162.6,2.924,1.319,1.3839550112,-0.4142054617
162.7,2.928,1.32,1.3776383762,-0.4128534794
162.8,2.931,1.321,1.370620294,-0.4112849236
162.9,2.935,1.322,1.3640632675,-0.4092915058
163,2.939,1.323,1.3582260728,-0.4068047106
163.1,2.943,1.323,1.352662732,-0.405002296
163.2,2.947,1.324,1.3477481643,-0.4036207795
163.3,2.951,1.324,1.3431312049,-0.4030064046
163.4,2.955,1.325,1.3352963865,-0.3988400996
163.5,2.959,1.325,1.3294628256,-0.3961798251
163.6,2.963,1.325,1.3230497255,-0.3930137157
163.7,2.966,1.325,1.3163764887,-0.3909266889
163.8,2.97,1.325,1.3091477723,-0.3889564574
163.9,2.974,1.325,1.3021142026,-0.3873540461
164,2.977,1.325,1.2950337037,-0.3855377436
164.1,2.981,1.324,1.2875535279,-0.3832878768
164.2,2.985,1.324,1.2791817775,-0.3803206086
164.3,2.989,1.323,1.2715288861,-0.3786440194
164.4,2.993,1.322,1.2628336375,-0.3773942292
164.5,2.998,1.321,1.2561523356,-0.3753831983
164.6,3.002,1.321,1.2502880614,-0.3734556735
164.7,3.006,1.319,1.2439380814,-0.3711490035
164.8,3.01,1.318,1.2387933495,-0.3687727153
164.9,3.014,1.317,1.2336638706,-0.3664079607
165,3.018,1.316,1.2271474149,-0.3634705842
165.1,3.021,1.314,1.2175738403,-0.358817637
165.2,3.025,1.313,1.2093355848,-0.3533161283
165.3,3.029,1.311,1.1999087304,-0.3478575051
165.4,3.033,1.309,1.1918831124,-0.3443919122
165.5,3.036,1.308,1.1830768168,-0.3421598971
165.6,3.04,1.306,1.1742561413,-0.3389848471
165.7,3.043,1.304,1.1687300311,-0.3339572251
165.8,3.047,1.302,1.1620713797,-0.3274176419
165.9,3.05,1.299,1.1556934494,-0.3205815554
166,3.054,1.297,1.1481560883,-0.3137097955
166.1,3.057,1.295,1.1418242404,-0.305215776
166.2,3.06,1.292,1.1291998441,-0.2998360395
166.3,3.064,1.29,1.1210592694,-0.2960460186
166.4,3.067,1.287,1.1109355095,-0.2895257473
166.5,3.07,1.284,1.1038167783,-0.2875951529
166.6,3.073,1.281,1.0967731748,-0.2805666327
166.7,3.076,1.278,1.0908054153,-0.2733702362
166.8,3.079,1.275,1.0850297972,-0.2686882615
166.9,3.082,1.272,1.0837211499,-0.2590263486
167,3.085,1.269,1.0811055219,-0.2524210811
167.1,3.088,1.265,1.0829874105,-0.253482163
167.2,3.09,1.262,1.0809330015,-0.2468724102
167.3,3.093,1.259,1.0762588172,-0.2417893559
167.4,3.095,1.255,1.0741197355,-0.2378109992
167.5,3.097,1.252,1.0715674717,-0.2369412333
167.6,3.099,1.249,1.0686530316,-0.2331228107
167.7,3.102,1.245,1.0651358852,-0.2296830118
167.8,3.104,1.242,1.062950058,-0.2227450609
167.9,3.106,1.238,1.06083352,-0.2149304897
168,3.108,1.234,1.0579915007,-0.2094577104
168.1,3.109,1.23,1.0557173767,-0.204669252
168.2,3.111,1.226,1.055778682,-0.1991483271
168.3,3.113,1.222,1.0557194248,-0.1956496835
168.4,3.114,1.218,1.0547975009,-0.1928295344
168.5,3.116,1.214,1.0543127195,-0.1910028309
168.6,3.117,1.21,1.053319885,-0.1858279705
168.7,3.118,1.206,1.0521017495,-0.1808833629
168.8,3.119,1.202,1.0509765025,-0.1767358482
168.9,3.12,1.198,1.0503979447,-0.1733424962
169,3.121,1.194,1.0499494919,-0.1701200604
169.1,3.122,1.189,1.0497295535,-0.1655746251
169.2,3.123,1.185,1.0493207231,-0.1620560288
169.3,3.123,1.181,1.0491495643,-0.1585007608
169.4,3.124,1.177,1.0495329221,-0.1537095904
169.5,3.124,1.172,1.0494263231,-0.1489619762
169.6,3.124,1.168,1.0494734975,-0.1438295096
169.7,3.125,1.163,1.0499970374,-0.1383211911
169.8,3.125,1.159,1.0508498041,-0.1322974861
169.9,3.124,1.155,1.0521286564,-0.126739338
170,3.124,1.15,1.0533390013,-0.1219923496
170.1,3.124,1.146,1.0549443593,-0.1176928803
170.2,3.123,1.141,1.0563140187,-0.1133781374
170.3,3.123,1.137,1.0576514067,-0.1090656221
170.4,3.122,1.133,1.0587530647,-0.1049206033
170.5,3.121,1.129,1.0596647407,-0.0993954241
170.6,3.121,1.125,1.0609337889,-0.0942460224
170.7,3.12,1.12,1.0629102334,-0.0891761258
170.8,3.119,1.116,1.0649596022,-0.0849317014
170.9,3.117,1.112,1.0670214591,-0.0805045366
171,3.116,1.108,1.0687307066,-0.0758189857
171.1,3.115,1.104,1.0707766174,-0.0717634633
171.2,3.113,1.1,1.072925221,-0.0683325157
171.3,3.112,1.097,1.0753779676,-0.0647975579
171.4,3.11,1.093,1.0782051394,-0.0613078289
171.5,3.109,1.089,1.0809069374,-0.0577695742
171.6,3.107,1.086,1.0836837968,-0.0548576154
171.7,3.105,1.082,1.0869788358,-0.0515768863
171.8,3.103,1.078,1.091362575,-0.0474654585
171.9,3.101,1.075,1.0952934689,-0.042513337
172,3.098,1.071,1.0988826749,-0.0383160077
172.1,3.096,1.067,1.1006779778,-0.0341788307
172.2,3.093,1.063,1.1032869751,-0.030674981
172.3,3.091,1.06,1.106321017,-0.0270383675
172.4,3.088,1.056,1.1105703017,-0.0187736414
172.5,3.085,1.053,1.1158981145,-0.010804126
172.6,3.083,1.05,1.1217981132,-0.004202771
172.7,3.08,1.047,1.1261468857,-0.0016427387
172.8,3.077,1.044,1.1311026855,0.0027462933
172.9,3.075,1.042,1.1360787989,0.0071681072
173,3.072,1.039,1.1410347067,0.011573486
173.1,3.069,1.036,1.1462251883,0.0132390801
173.2,3.066,1.034,1.1507081057,0.0151151316
173.3,3.062,1.031,1.1560893697,0.0169612169
173.4,3.058,1.028,1.1611848018,0.0194953922
173.5,3.055,1.025,1.1660570246,0.0226374883
173.6,3.052,1.023,1.1711842053,0.0245914534
173.7,3.048,1.02,1.1770877522,0.025170831
173.8,3.043,1.017,1.1823230399,0.0279326309
173.9,3.037,1.014,1.1881024377,0.0316389278
174,3.032,1.011,1.1945197746,0.0347133838
174.1,3.026,1.008,1.1994247888,0.0369821042
174.2,3.021,1.005,1.2053529263,0.0402091071
174.3,3.015,1.003,1.2117860307,0.043078281
174.4,3.01,1,1.2214484221,0.048245009
174.5,3.004,0.998,1.2299904048,0.0518061072
174.6,2.999,0.996,1.2360218317,0.0526400171
174.7,2.993,0.994,1.2408080116,0.0531770587
174.8,2.988,0.993,1.2449259714,0.0551819615
174.9,2.982,0.991,1.252260683,0.0575470999
175,2.976,0.989,1.2586510852,0.059477713
175.1,2.97,0.988,1.2632975815,0.0603611022
175.2,2.964,0.987,1.2680095211,0.0617227033
175.3,2.959,0.986,1.2748857719,0.063140206
175.4,2.953,0.985,1.28136973,0.0638580322
175.5,2.947,0.984,1.2870099628,0.0641627312
175.6,2.941,0.983,1.2937290218,0.0642612576
175.7,2.935,0.983,1.3009558579,0.0641801506
175.8,2.929,0.983,1.3071999868,0.0629094541
175.9,2.922,0.982,1.3134252677,0.0610685572
176,2.917,0.982,1.320543498,0.0600048937
176.1,2.911,0.983,1.325467095,0.0601547621
176.2,2.904,0.983,1.3298695878,0.0591252297
176.3,2.899,0.983,1.3332633667,0.0570952557
176.4,2.893,0.984,1.3388711862,0.055358652
176.5,2.887,0.985,1.344253838,0.0530890413
176.6,2.882,0.985,1.3497458105,0.0503745936
176.7,2.876,0.986,1.3560959401,0.0479037836
176.8,2.87,0.988,1.3641650156,0.0450780466
176.9,2.864,0.989,1.3724275243,0.044264134
177,2.858,0.99,1.3776412212,0.0438367501
177.1,2.852,0.992,1.3827004493,0.0407603346
177.2,2.846,0.994,1.3853928617,0.0373539217
177.3,2.84,0.996,1.3862466607,0.0355398096
177.4,2.835,0.998,1.3908561027,0.032574337
177.5,2.829,1,1.3939864766,0.0296363775
177.6,2.824,1.002,1.3969713318,0.0268494673
177.7,2.819,1.005,1.3999926136,0.023816606
177.8,2.814,1.007,1.4037371085,0.0212862119
177.9,2.809,1.01,1.4074582336,0.0178635288
178,2.804,1.012,1.4115855384,0.0139965843
178.1,2.798,1.016,1.4172016617,0.0092356764
178.2,2.793,1.019,1.4225199584,0.0048834924
178.3,2.788,1.022,1.4245510387,0.0016483826
178.4,2.783,1.026,1.4285572006,-0.0026134024
178.5,2.778,1.029,1.4305350086,-0.0047296877
178.6,2.773,1.033,1.4340572835,-0.0077726925
178.7,2.769,1.036,1.436571557,-0.0105093606
178.8,2.765,1.04,1.4410338755,-0.0148810185
178.9,2.76,1.044,1.4444336703,-0.0192674752
179,2.756,1.048,1.4486328096,-0.0235935133
179.1,2.752,1.052,1.4506739503,-0.0260281935
179.2,2.748,1.056,1.4547834829,-0.0312928408
179.3,2.743,1.061,1.4576975838,-0.0357049704
179.4,2.739,1.066,1.4606645083,-0.0415376201
179.5,2.735,1.07,1.4637706105,-0.0472685806
179.6,2.732,1.075,1.466562029,-0.0533154085
179.7,2.729,1.079,1.4704927776,-0.0594243594
179.8,2.725,1.084,1.4735698901,-0.0663237497
179.9,2.722,1.089,1.4773954937,-0.0717876554
180,2.719,1.094,1.4818963006,-0.0755651817
180.1,2.716,1.099,1.485945742,-0.0797871351
180.2,2.714,1.103,1.4898864477,-0.0844790563
180.3,2.711,1.107,1.4941670559,-0.0904161334
180.4,2.709,1.111,1.4977106967,-0.0970629826
180.5,2.708,1.115,1.4999356163,-0.1025919691
180.6,2.706,1.118,1.5056380671,-0.1124849692
180.7,2.705,1.121,1.5100561991,-0.1186067685
180.8,2.704,1.124,1.5144704815,-0.1253037304
180.9,2.703,1.127,1.5187646075,-0.1312828809
181,2.702,1.13,1.5236270267,-0.1390174329
181.1,2.701,1.133,1.5274758857,-0.1453665346
181.2,2.701,1.135,1.5329973007,-0.1532836854
181.3,2.7,1.138,1.5369503838,-0.1601657271
181.4,2.699,1.142,1.5412672785,-0.1652210355
181.5,2.699,1.144,1.5475892279,-0.1686992049
181.6,2.698,1.147,1.5534573178,-0.174234122
181.7,2.698,1.15,1.5563041879,-0.1785046011
181.8,2.698,1.153,1.5581145048,-0.1834891438
181.9,2.697,1.156,1.5589891184,-0.1891825497
182,2.697,1.159,1.5590307412,-0.1943575591
182.1,2.697,1.161,1.5589442397,-0.1995208263
182.2,2.697,1.165,1.557626059,-0.2032309473
182.3,2.697,1.168,1.5559424783,-0.2076248676
182.4,2.698,1.171,1.5540990884,-0.2143434733
182.5,2.698,1.175,1.551437982,-0.2206673622
182.6,2.698,1.179,1.5484665921,-0.2260427475
182.7,2.699,1.185,1.5453890279,-0.2329590023
182.8,2.7,1.191,1.5421707983,-0.2414024025
182.9,2.701,1.197,1.5393194229,-0.2497546226
183,2.703,1.204,1.537106023,-0.2573589981
183.1,2.704,1.211,1.534472121,-0.2647796869
183.2,2.706,1.217,1.5324240778,-0.2716030777
183.3,2.708,1.224,1.5311873906,-0.2763794065
183.4,2.71,1.231,1.5312360115,-0.278339833
183.5,2.712,1.237,1.5318583892,-0.2784291208
183.6,2.714,1.242,1.5338914736,-0.2805933952
183.7,2.715,1.246,1.5397343127,-0.2684308589
183.8,2.716,1.246,1.5339548788,-0.3131733835
183.9,2.716,1.247,1.5346884977,-0.3182957768
184,2.715,1.245,1.5356551376,-0.3221952617
184.1,2.715,1.245,1.5389455884,-0.3226527274
184.2,2.715,1.245,1.5413941311,-0.323956877
184.3,2.715,1.245,1.542924386,-0.3256604671
184.4,2.715,1.245,1.543581944,-0.3276854157
184.5,2.715,1.245,1.5444580371,-0.3300825655
184.6,2.715,1.245,1.5451395518,-0.3323542476
184.7,2.715,1.245,1.5426260561,-0.3378856182
184.8,2.715,1.245,1.5424816533,-0.3399453461
184.9,2.715,1.245,1.5415277671,-0.3444635272
185,2.715,1.245,1.5413115246,-0.3474955261
185.1,2.715,1.245,1.541060887,-0.3496594727
185.2,2.715,1.245,1.5405084982,-0.3514768779
185.3,2.715,1.245,1.5402550734,-0.3525488973
185.4,2.715,1.245,1.5396075262,-0.353523612
185.5,2.715,1.245,1.5392189175,-0.3560119867
185.6,2.715,1.245,1.5388686369,-0.3572393358
185.7,2.715,1.245,1.5386163604,-0.3576559424
185.8,2.715,1.245,1.5350293188,-0.3609177768
185.9,2.715,1.245,1.532637975,-0.3622898757
186,2.715,1.245,1.531145479,-0.3631604016
186.1,2.715,1.245,1.5304035325,-0.3647491038
186.2,2.715,1.245,1.5297592399,-0.3653019965
186.3,2.715,1.245,1.5294152714,-0.3649975061
186.4,2.715,1.245,1.528703067,-0.3643424809
186.5,2.715,1.245,1.5275762724,-0.3642100096
186.6,2.715,1.245,1.5270553822,-0.3637527525
186.7,2.715,1.245,1.5267678161,-0.3637047112
186.8,2.715,1.245,1.5268004481,-0.3637274802
186.9,2.715,1.245,1.5273766202,-0.3623411655
187,2.715,1.245,1.5278621999,-0.3610033989
187.1,2.715,1.245,1.5280351438,-0.3602733314
187.2,2.715,1.245,1.5278174692,-0.3604414463
187.3,2.715,1.245,1.5277055694,-0.3602773547
187.4,2.715,1.245,1.5278281351,-0.3600968719
187.5,2.715,1.245,1.5277389452,-0.3602054119
187.6,2.715,1.245,1.5265108982,-0.3613824546
187.7,2.715,1.245,1.5253159715,-0.3624657393
187.8,2.715,1.245,1.5239412456,-0.3638788462
187.9,2.715,1.245,1.5226200022,-0.3652502298
188,2.715,1.245,1.5222892012,-0.3653924465
188.1,2.715,1.245,1.5218783584,-0.3657018542
188.2,2.715,1.245,1.5211549273,-0.366171211
188.3,2.715,1.245,1.5206942931,-0.3666181862
