2.4808776379,-0.9275036454,3.3151826483,-0.8661719137,3.3174850559,-0.9253749251
2.4805033207,-0.928052783,3.3155344864,-0.8661757479,3.3174876785,-0.9259775877
2.4803807735,-0.9282519221,3.3159992978,-0.8663461526,3.3169734097,-0.9260415435
2.4798638821,-0.928034246,3.3167449438,-0.8665063497,3.3164860821,-0.9263171554
2.4798948765,-0.9281179905,3.3162770918,-0.8663810567,3.3161763763,-0.927072227
2.4796140194,-0.9282858372,3.3167156512,-0.8667507145,3.3158568955,-0.9269270897
2.4797246456,-0.9281552434,3.3165969506,-0.8664710718,3.3158144569,-0.9270778894
2.4800636768,-0.9279884696,3.3164866793,-0.8664113637,3.3163079834,-0.9272528887
2.4801537991,-0.9282017946,3.3161193634,-0.8663673716,3.3166448689,-0.9269053936
2.4796597958,-0.9282511473,3.3161031161,-0.866366549,3.3165323353,-0.9267264009
2.4794027805,-0.9282802343,3.3161996759,-0.8663635754,3.3169486141,-0.9271764159
2.4796159267,-0.9284122586,3.3165267143,-0.8663238672,3.3173088646,-0.9266999364
2.4798734188,-0.9281548262,3.3166722925,-0.866296262,3.3179521179,-0.9260523319
2.4799809456,-0.9284645915,3.3164006749,-0.866257322,3.3186673737,-0.9255568981
2.4797363281,-0.9283107519,3.3162342305,-0.8661953811,3.3178381538,-0.9259145856
2.4795351028,-0.9278183579,3.3162529669,-0.8662898813,3.3162405109,-0.9261381626
2.4796681404,-0.9279433489,3.3163958628,-0.8662238357,3.3160762405,-0.9265271425
2.4801561832,-0.9276610017,3.3165083341,-0.8661223882,3.3170840359,-0.9266746044
2.4798583984,-0.92816329,3.3166203264,-0.8661598582,3.3174178219,-0.9263976216
2.4797463417,-0.928027451,3.3164146244,-0.8662287433,3.3172940826,-0.926897645
2.4796442986,-0.927832067,3.3157693792,-0.8660878771,3.3166565514,-0.9275254607
2.4790215492,-0.9276247025,3.3159078964,-0.86636869,3.3160760021,-0.9277485609
2.4794471264,-0.9279274344,3.3161295238,-0.8665732347,3.3158695316,-0.9276081324
2.479404211,-0.9278001785,3.3153756124,-0.8660597911,3.316178999,-0.9274564385
2.4795060158,-0.927973628,3.3153693955,-0.8665384613,3.31628438,-0.9272882938
2.4795889854,-0.9281505942,3.3148317137,-0.8662752522,3.3161389446,-0.9271569252
2.4794836044,-0.9279393554,3.3143277848,-0.8663199688,3.3159646606,-0.9277368188
2.4794898033,-0.9277902246,3.3139827357,-0.8665864273,3.3158051586,-0.9283151627
2.4793767929,-0.9275191426,3.3136666363,-0.8664878659,3.3152229404,-0.9280410409
2.4795780182,-0.9280084372,3.3136253082,-0.8666539692,3.3156540012,-0.9281116128
2.479663372,-0.9280187488,3.3141121515,-0.8667369256,3.3158809757,-0.9285089374
2.479578495,-0.9278861284,3.3144674354,-0.8666431601,3.3158552265,-0.9282930493
2.4796237946,-0.9278854132,3.3143591527,-0.866522943,3.3159727669,-0.9285652041
2.4795882702,-0.9278859496,3.3147690938,-0.8668853493,3.3161775684,-0.9285063148
2.479483366,-0.9276953936,3.3151493368,-0.8666856713,3.3162307358,-0.9288083315
2.4795548916,-0.9277262092,3.3158392926,-0.8666897302,3.3157868004,-0.9290970564
2.4794249535,-0.9276075363,3.3165865036,-0.8666443601,3.3154112911,-0.928873539
2.4794325829,-0.9276260734,3.3157412027,-0.8667751281,3.3155092812,-0.9286874533
2.4796385765,-0.928085804,3.3141123863,-0.8665612931,3.3156594849,-0.9283109903
2.479445219,-0.927723825,3.3139198602,-0.8665565719,3.31556674,-0.9283717275
2.4791836739,-0.9275385737,3.3149420693,-0.8669045425,3.3150307751,-0.9282689095
2.47940135,-0.9278798103,3.3152969261,-0.8669218967,3.3148746109,-0.9278900027
2.4794476032,-0.9278332591,3.3151491862,-0.8670867713,3.3158776379,-0.9275036454
2.4795601368,-0.928060174,3.3144686255,-0.8671183966,3.3155033207,-0.928052783
2.4794495106,-0.9278827906,3.3138663045,-0.8670420825,3.3153807735,-0.9282519221
2.4794306755,-0.9278618693,3.3136623392,-0.8669360308,3.3148638821,-0.928034246
2.4794943333,-0.9279791713,3.3139773613,-0.8668606316,3.3148948765,-0.9281179905
2.4794328213,-0.9279267192,3.31408563,-0.866732187,3.3146140194,-0.9282858372
2.4791808128,-0.9277089834,3.3139358059,-0.8665404921,3.3147246456,-0.9281552434
2.479095459,-0.9280620217,3.3137375167,-0.8667914799,3.3150636768,-0.9279884696
2.4789853096,-0.928037405,3.3135547607,-0.8670529034,3.3151537991,-0.9282017946
2.4790997505,-0.928047955,3.3129816535,-0.8669027544,3.3146597958,-0.9282511473
2.4793066979,-0.9277395606,3.313409033,-0.8669232047,3.3144027805,-0.9282802343
2.4798705578,-0.9272251129,3.3136372783,-0.8673378279,3.3146159267,-0.9284122586
2.4805772305,-0.9260874987,3.3136141349,-0.8671574241,3.3148734188,-0.9281548262
2.4816772938,-0.9264426827,3.3137265763,-0.8673601629,3.3149809456,-0.9284645915
2.4812700748,-0.9263227582,3.3139329424,-0.867322564,3.3147363281,-0.9283107519
2.4809496403,-0.9266061187,3.3139775798,-0.8675085924,3.3145351028,-0.9278183579
2.4807040691,-0.9270129204,3.3135253272,-0.8676844349,3.3146681404,-0.9279433489
2.4810981751,-0.9269455671,3.3131463985,-0.8674145673,3.3151561832,-0.9276610017
2.4811289311,-0.9265883565,3.3132443721,-0.8672282599,3.3148583984,-0.92816329
2.4813644886,-0.9267145991,3.313397243,-0.8668879456,3.3147463417,-0.928027451
2.4811170101,-0.9265241027,3.3133066078,-0.8669772913,3.3146442986,-0.927832067
2.4811456204,-0.9267221689,3.3127687949,-0.8668494131,3.3140215492,-0.9276247025
2.480864048,-0.9265677333,3.312613056,-0.8664762724,3.3144471264,-0.9279274344
2.4811041355,-0.9265761375,3.3136225224,-0.8661772935,3.314404211,-0.9278001785
2.481140852,-0.9266910553,3.3132429596,-0.866655242,3.3145060158,-0.927973628
2.4812521935,-0.9266137481,3.3131148823,-0.8667794225,3.3145889854,-0.9281505942
2.4812977314,-0.9266069531,3.3126034392,-0.8666355961,3.3144836044,-0.9279393554
2.481212616,-0.9267522097,3.3126260375,-0.8666055722,3.3144898033,-0.9277902246
2.4810810089,-0.9268166423,3.3123388527,-0.8666878161,3.3143767929,-0.9275191426
2.4803738594,-0.9263685942,3.3124541026,-0.8666197611,3.3145780182,-0.9280084372
2.4808928967,-0.9264036417,3.3127942645,-0.8664682894,3.314663372,-0.9280187488
2.4803709984,-0.9261416793,3.3128827644,-0.8666596593,3.314578495,-0.9278861284
2.4802050591,-0.92601192,3.3123882038,-0.8667014718,3.3146237946,-0.9278854132
2.4804303646,-0.9261274934,3.3121256941,-0.8666562665,3.3145882702,-0.9278859496
2.4803788662,-0.9261133075,3.3123410389,-0.8668180076,3.314483366,-0.9276953936
2.4807276726,-0.9264220595,3.3126019416,-0.866606703,3.3145548916,-0.9277262092
2.4810442925,-0.9266493917,3.3127095176,-0.8669171337,3.3144249535,-0.9276075363
2.4810576439,-0.92638129,3.3124655229,-0.8667717213,3.3144325829,-0.9276260734
2.4802987576,-0.9263055325,3.3122630683,-0.8662626947,3.3146385765,-0.928085804
2.4805862904,-0.9268345237,3.3123953026,-0.8663768189,3.314445219,-0.927723825
2.4809679985,-0.9267620444,3.3128882616,-0.8661610025,3.3141836739,-0.9275385737
2.4812707901,-0.9266790748,3.3125889369,-0.8666424445,3.31440135,-0.9278798103
2.4815199375,-0.9268932343,3.3124753398,-0.8664857592,3.3144476032,-0.9278332591
2.4810760021,-0.9265304804,3.3123753285,-0.8663178746,3.3145601368,-0.928060174
2.4804103375,-0.9264323711,3.3117528086,-0.8661136148,3.3144495106,-0.9278827906
2.4808046818,-0.9266088009,3.3121797124,-0.8664343102,3.3144306755,-0.9278618693
2.4810836315,-0.9268053174,3.3121339467,-0.8662684663,3.3144943333,-0.9279791713
2.4814045429,-0.9272630811,3.3122348008,-0.8664290532,3.3144328213,-0.9279267192
2.4809958935,-0.9270556569,3.3123173771,-0.8666006969,3.3141808128,-0.9277089834
2.4810042381,-0.9270341992,3.3122103075,-0.8663666159,3.314095459,-0.9280620217
2.481235981,-0.9270325303,3.3122170638,-0.8662250252,3.3139853096,-0.928037405
2.4811105728,-0.9269432426,3.3121041518,-0.8659552739,3.3140997505,-0.928047955
2.4816408157,-0.9273341894,3.3123040161,-0.8664261616,3.3143066979,-0.9277395606
2.4815561771,-0.9279825687,3.3123903538,-0.8664497794,3.3148705578,-0.9272251129
2.4813120365,-0.9292645454,3.3123043617,-0.8663020788,3.3155772305,-0.9260874987
2.4810521603,-0.9308128357,3.3123496448,-0.8663011417,3.3166772938,-0.9264426827
2.479660511,-0.9325460792,3.3123180877,-0.8663553462,3.3162700748,-0.9263227582
2.4788868427,-0.9346964359,3.3122101838,-0.8661242065,3.3159496403,-0.9266061187
2.4779951572,-0.9364334941,3.312281857,-0.866157018,3.3157040691,-0.9270129204
2.477175951,-0.9384366274,3.3121483429,-0.8659899997,3.3160981751,-0.9269455671
2.4766933918,-0.9403434396,3.3121560544,-0.8660096456,3.3161289311,-0.9265883565
2.4765479565,-0.9420559406,3.3123568597,-0.8663992978,3.3163644886,-0.9267145991
2.4762227535,-0.9444569349,3.3121624343,-0.866022904,3.3161170101,-0.9265241027
2.4754283428,-0.9470419288,3.3119060622,-0.8659075093,3.3161456204,-0.9267221689
2.4745826721,-0.9516900182,3.3121251989,-0.8662684832,3.315864048,-0.9265677333
2.4734601975,-0.9588813186,3.3121733059,-0.8662469918,3.3161041355,-0.9265761375
2.4730026722,-0.9688846469,3.3122875449,-0.8664969706,3.316140852,-0.9266910553
2.472515583,-0.9809271693,3.3121769678,-0.8663202525,3.3162521935,-0.9266137481
2.4725999832,-0.9937700629,3.3121588213,-0.8663086455,3.3162977314,-0.9266069531
2.4730875492,-1.0081930161,3.3122249864,-0.8664598781,3.316212616,-0.9267522097
2.4733142853,-1.0236042738,3.3121636055,-0.8664092002,3.3160810089,-0.9268166423
2.4752283096,-1.041046381,3.3119126946,-0.866206323,3.3153738594,-0.9263685942
2.4779098034,-1.0572566986,3.3118175519,-0.8664269655,3.3158928967,-0.9264036417
2.4814026356,-1.0751307011,3.3117107006,-0.8664469241,3.3153709984,-0.9261416793
2.4850976467,-1.0929400921,3.3118327787,-0.8665608185,3.3152050591,-0.92601192
2.4896426201,-1.1105757952,3.3120445541,-0.8663178465,3.3154303646,-0.9261274934
2.4950652123,-1.1286488771,3.312628652,-0.8660783988,3.3153788662,-0.9261133075
2.5015146732,-1.145858407,3.3133812374,-0.8655693177,3.3157276726,-0.9264220595
2.5080032349,-1.1613047123,3.3144798983,-0.8659052061,3.3160442925,-0.9266493917
2.5150091648,-1.1773986816,3.3140740334,-0.8658039118,3.3160576439,-0.92638129
2.5216741562,-1.190109849,3.3137417368,-0.8659242585,3.3152987576,-0.9263055325
2.5287253857,-1.2039525509,3.3134912663,-0.8662638592,3.3155862904,-0.9268345237
2.5359754562,-1.2162243128,3.313899538,-0.8663910128,3.3159679985,-0.9267620444
2.5450589657,-1.2334984541,3.3139397502,-0.8661639927,3.3162707901,-0.9266790748
2.5529325008,-1.2460554838,3.3141698653,-0.8662152702,3.3165199375,-0.9268932343
2.5610678196,-1.2593257427,3.3139230312,-0.8660336454,3.3160760021,-0.9265304804
2.5696656704,-1.2728332281,3.3139450315,-0.8661407782,3.3154103375,-0.9264323711
2.5788557529,-1.2860711813,3.313667797,-0.8660460037,3.3158046818,-0.9266088009
2.5879397392,-1.2986975908,3.313915196,-0.8661551006,3.3160836315,-0.9268053174
2.5969667435,-1.3110901117,3.3139459708,-0.8661881778,3.3164045429,-0.9272630811
2.6059267521,-1.3230922222,3.314061065,-0.8661625476,3.3159958935,-0.9270556569
2.6152215004,-1.3349565268,3.3141110441,-0.866216967,3.3160042381,-0.9270341992
2.6246790886,-1.3467955589,3.3140230971,-0.8663231883,3.316235981,-0.9270325303
2.6340823174,-1.3588180542,3.3138941125,-0.8664237728,3.3161105728,-0.9269432426
2.6433231831,-1.3690658808,3.3131935362,-0.8660664378,3.3166408157,-0.9273341894
2.6529977322,-1.3797010183,3.313714452,-0.8661274352,3.3165561771,-0.9279825687
2.6628890038,-1.390687108,3.3131944475,-0.8658916445,3.3163120365,-0.9292645454
2.6734144688,-1.3997352123,3.3130256993,-0.8657230712,3.3160521603,-0.9308128357
2.6836936474,-1.4087193012,3.3132530275,-0.8658665907,3.314660511,-0.9325460792
2.693864584,-1.4170975685,3.3132033903,-0.8658781329,3.3138868427,-0.9346964359
2.7038862705,-1.4254332781,3.3135462412,-0.8661045995,3.3129951572,-0.9364334941
2.7143583298,-1.4336490631,3.3138601937,-0.866295114,3.312175951,-0.9384366274
2.7249572277,-1.4415149689,3.3138830181,-0.8661578705,3.3116933918,-0.9403434396
2.7357273102,-1.4488736391,3.313122303,-0.8660568284,3.3115479565,-0.9420559406
2.7470653057,-1.4560136795,3.3133849755,-0.8662431525,3.3112227535,-0.9444569349
2.7587726116,-1.4632326365,3.3137891847,-0.8664807367,3.3104283428,-0.9470419288
2.7867438793,-1.4884520769,3.3140939825,-0.8664254913,3.3095826721,-0.9516900182
2.8071844578,-1.5038321018,3.314335453,-0.8665336336,3.3084601975,-0.9588813186
2.8268249035,-1.5169715881,3.3138924337,-0.8661835219,3.3080026722,-0.9688846469
2.8425374031,-1.5261466503,3.313214296,-0.8659135248,3.307515583,-0.9809271693
2.8607056141,-1.5380501747,3.3136093172,-0.8660992697,3.3075999832,-0.9937700629
2.8765814304,-1.5471736193,3.313893646,-0.8663698641,3.3080875492,-1.0081930161
2.8924713135,-1.555159092,3.3142031473,-0.866670601,3.3083142853,-1.0236042738
2.9104547501,-1.5644733906,3.3137915923,-0.8664232551,3.3102283096,-1.041046381
2.9252779484,-1.5698045492,3.3138057301,-0.8664814192,3.3129098034,-1.0572566986
2.941950798,-1.577091217,3.3140402297,-0.8665176762,3.3164026356,-1.0751307011
2.956343174,-1.581972599,3.3139113229,-0.8663802603,3.3200976467,-1.0929400921
2.9711463451,-1.58697474,3.3144367891,-0.866705558,3.3246426201,-1.1105757952
2.9884593487,-1.5950411558,3.3142837,-0.8664209177,3.3300652123,-1.1286488771
3.00309968,-1.5979200602,3.3139411152,-0.8663854438,3.3365146732,-1.145858407
3.0177235603,-1.6004503965,3.3135562709,-0.8663002788,3.3430032349,-1.1613047123
3.0313587189,-1.6025670767,3.3120013301,-0.8659598562,3.3500091648,-1.1773986816
3.044864893,-1.6044771671,3.3110799206,-0.866288503,3.3566741562,-1.190109849
3.05819273,-1.6062245369,3.3100504617,-0.866369705,3.3637253857,-1.2039525509
3.0715482235,-1.6078191996,3.3090667646,-0.8664460836,3.3709754562,-1.2162243128
3.0847947598,-1.6090741158,3.3084209395,-0.8664905412,3.3800589657,-1.2334984541
3.0982525349,-1.6101697683,3.3081215053,-0.8664887714,3.3879325008,-1.2460554838
3.1113574505,-1.6108731031,3.307600263,-0.8667626567,3.3960678196,-1.2593257427
3.1248865128,-1.6111141443,3.3065178813,-0.866325492,3.4046656704,-1.2728332281
3.1374189854,-1.6108210087,3.3051906856,-0.8661605373,3.4138557529,-1.2860711813
3.151017189,-1.610665679,3.303254122,-0.8657845572,3.4229397392,-1.2986975908
3.1643497944,-1.6102570295,3.3016007196,-0.8656846472,3.4319667435,-1.3110901117
3.1773808003,-1.6093249321,3.2995098109,-0.8655776517,3.4409267521,-1.3230922222
3.1907613277,-1.6082054377,3.2975995873,-0.8649266797,3.4502215004,-1.3349565268
3.2041339874,-1.6063646078,3.2956352491,-0.8645258815,3.4596790886,-1.3467955589
3.2175705433,-1.6042081118,3.2928825872,-0.8638145288,3.4690823174,-1.3588180542
3.2313530445,-1.6018630266,3.2911250051,-0.8634582437,3.4783231831,-1.3690658808
3.244686842,-1.5992765427,3.2895056234,-0.8609477861,3.4879977322,-1.3797010183
3.2576553822,-1.5960991383,3.2880204606,-0.859277398,3.4978890038,-1.390687108
3.2705512047,-1.5931758881,3.2861509437,-0.857273846,3.5084144688,-1.3997352123
3.2830312252,-1.5896632671,3.2846131095,-0.8551410969,3.5186936474,-1.4087193012
3.2956738472,-1.5859537125,3.2834650555,-0.8536022423,3.528864584,-1.4170975685
3.3087244034,-1.5821964741,3.2829635235,-0.8516430801,3.5388862705,-1.4254332781
3.3203306198,-1.5780507326,3.2823527671,-0.8488822962,3.5493583298,-1.4336490631
3.3333923817,-1.5730719566,3.2823266053,-0.8480828609,3.5599572277,-1.4415149689
3.3448967934,-1.5678881407,3.2819216933,-0.8447858757,3.5707273102,-1.4488736391
3.3561131954,-1.5630639792,3.2817082217,-0.8430622451,3.5820653057,-1.4560136795
3.3664505482,-1.5578260422,3.28144825,-0.8400657319,3.5937726116,-1.4632326365
3.3780558109,-1.5521456003,3.2824259307,-0.8416886494,3.6217438793,-1.4884520769
3.3880460262,-1.5461814404,3.2817523606,-0.8385673537,3.6421844578,-1.5038321018
3.3992750645,-1.5405006409,3.2808039647,-0.8359998096,3.6618249035,-1.5169715881
3.4100391865,-1.5343817473,3.2797830191,-0.8335630206,3.6775374031,-1.5261466503
3.4203436375,-1.5278418064,3.2789145014,-0.8309418449,3.6957056141,-1.5380501747
3.4303705692,-1.5206968784,3.2775193133,-0.827842013,3.7115814304,-1.5471736193
3.4399929047,-1.5139740706,3.2756584924,-0.8246721083,3.7274713135,-1.555159092
3.4496002197,-1.5075114965,3.2733255451,-0.821291649,3.7454547501,-1.5644733906
3.4589116573,-1.5007189512,3.2710117993,-0.8180773841,3.7602779484,-1.5698045492
3.4683291912,-1.4935947657,3.2685348773,-0.8151239615,3.776950798,-1.577091217
3.4784903526,-1.4858934879,3.2652613736,-0.8121573156,3.791343174,-1.581972599
3.4877471924,-1.4781736136,3.2627475582,-0.8091208767,3.8061463451,-1.58697474
3.4979403019,-1.4698346853,3.2599248797,-0.8062340168,3.8234593487,-1.5950411558
3.5053300858,-1.4616144896,3.2567079377,-0.8036572639,3.83809968,-1.5979200602
3.5132200718,-1.4531742334,3.2544586051,-0.8000580694,3.8527235603,-1.6004503965
3.6940336227,-1.4336223602,3.2519114132,-0.7968749298,3.8663587189,-1.6025670767
3.7039210796,-1.4235781431,3.2491381166,-0.7934820875,3.879864893,-1.6044771671
3.7133030891,-1.4138492346,3.2461432697,-0.7904668923,3.89319273,-1.6062245369
3.7227592468,-1.4042143822,3.2434215284,-0.7876482148,3.9065482235,-1.6078191996
3.7818245888,-1.3883785009,3.2404821477,-0.7846595654,3.9197947598,-1.6090741158
3.7916862965,-1.3780034781,3.2373497285,-0.7813409331,3.9332525349,-1.6101697683
3.8081011772,-1.3674541712,3.2342701803,-0.7778865717,3.9463574505,-1.6108731031
3.8220531941,-1.3555686474,3.231230836,-0.7747501091,3.9598865128,-1.6111141443
3.838186264,-1.3420028687,3.2441190633,-0.7898585576,3.9724189854,-1.6108210087
3.8489079475,-1.330014348,3.2488564202,-0.7952060779,3.986017189,-1.610665679
3.8597402573,-1.3165829182,3.2522544563,-0.7984768702,3.9993497944,-1.6102570295
3.8715620041,-1.3025903702,3.2516965541,-0.7982635874,4.0123808003,-1.6093249321
3.881401062,-1.2894734144,3.2536953638,-0.801311401,4.0257613277,-1.6082054377
3.8930773735,-1.2742664814,3.2530725658,-0.8018687225,4.0391339874,-1.6063646078
3.9031329155,-1.2587431669,3.2525253335,-0.8017760109,4.0525705433,-1.6042081118
3.9119682312,-1.2438642979,3.2540245025,-0.8034314802,4.0663530445,-1.6018630266
3.9220252037,-1.2270847559,3.2524161841,-0.8015561916,4.079686842,-1.5992765427
3.9306385517,-1.2110565901,3.2528155602,-0.8021150472,4.0926553822,-1.5960991383
3.9393873215,-1.1933860779,3.2508699722,-0.8006410885,4.1055512047,-1.5931758881
3.9474105835,-1.1759387255,3.2488534852,-0.7995081004,4.1180312252,-1.5896632671
3.9549791813,-1.1588978767,3.2488253512,-0.8016720684,4.1306738472,-1.5859537125
3.9611682892,-1.1430724859,3.2459764734,-0.7990234289,4.1437244034,-1.5821964741
3.9681313038,-1.1249674559,3.2431189996,-0.7964467522,4.1553306198,-1.5780507326
3.9744689465,-1.1079642773,3.2395939368,-0.7939490839,4.1683923817,-1.5730719566
3.9802601337,-1.091431737,3.2360071801,-0.791649024,4.1798967934,-1.5678881407
3.9850599766,-1.075152874,3.232297846,-0.7895775062,4.1911131954,-1.5630639792
3.990149498,-1.0588709116,3.2286513217,-0.787731655,4.2014505482,-1.5578260422
3.9946277142,-1.0429853201,3.2247654491,-0.7858893429,4.2130558109,-1.5521456003
3.9982318878,-1.0268471241,3.2209027178,-0.7842267335,4.2230460262,-1.5461814404
4.0020036697,-1.0108761787,3.2167383506,-0.7825495975,4.2342750645,-1.5405006409
4.0056233406,-0.9927043319,3.2131360688,-0.7807907254,4.2450391865,-1.5343817473
4.0079183579,-0.9773423672,3.2083025694,-0.7788351424,4.2553436375,-1.5278418064
4.0107750893,-0.9588106275,3.204343524,-0.7773702535,4.2653705692,-1.5206968784
4.0119352341,-0.9443202019,3.1999292107,-0.7760154163,4.2749929047,-1.5139740706
4.0137515068,-0.9277793169,3.1949830822,-0.7745105073,4.2846002197,-1.5075114965
4.015586853,-0.9106119275,3.1900794375,-0.7732057375,4.2939116573,-1.5007189512
4.015953064,-0.8944875598,3.1849743924,-0.7715844726,4.3033291912,-1.4935947657
4.0171637535,-0.8781923652,3.1797972319,-0.7700629559,4.3134903526,-1.4858934879
4.0174984932,-0.8642687202,3.1746974951,-0.768787332,4.3227471924,-1.4781736136
4.0165543556,-0.8484764099,3.1692273951,-0.7676932119,4.3329403019,-1.4698346853
4.0159888268,-0.8346366286,3.1634792672,-0.7664270202,4.3403300858,-1.4616144896
4.0152411461,-0.8202536702,3.1577556981,-0.7658294444,4.3482200718,-1.4531742334
4.014248848,-0.8052455187,3.1518531471,-0.765031667,4.5290336227,-1.4336223602
4.012591362,-0.79016155,3.1464320638,-0.7643991773,4.5389210796,-1.4235781431
4.0109853745,-0.775983274,3.1414905678,-0.7641146882,4.5483030891,-1.4138492346
4.0085430145,-0.7628511786,3.1349845911,-0.7638813315,4.5577592468,-1.4042143822
4.0064582825,-0.7501173615,3.1302769261,-0.763152778,4.6168245888,-1.3883785009
4.0035839081,-0.7366809249,3.1245269549,-0.7624925246,4.6266862965,-1.3780034781
4.0012011528,-0.7227723002,3.1186492323,-0.7625417556,4.6431011772,-1.3674541712
3.9988918304,-0.7084284425,3.1119924463,-0.7625424207,4.6570531941,-1.3555686474
3.9964857101,-0.6942048669,3.1067369674,-0.7624551234,4.673186264,-1.3420028687
3.9932868481,-0.6761809587,3.0999746309,-0.7624468964,4.6839079475,-1.330014348
3.9891712666,-0.6629333496,3.0942679839,-0.7632004126,4.6947402573,-1.3165829182
3.9845788479,-0.648869276,3.0878977662,-0.7640247719,4.7065620041,-1.3025903702
3.980093956,-0.6342784762,3.0810093943,-0.7649019428,4.716401062,-1.2894734144
3.9762170315,-0.6224081516,3.0741334009,-0.7655015103,4.7280773735,-1.2742664814
3.9710047245,-0.6094473004,3.0672686516,-0.7667782492,4.7381329155,-1.2587431669
3.9659485817,-0.5966835618,3.0610069116,-0.7684443784,4.7469682312,-1.2438642979
3.9604392052,-0.5839421153,3.0550615099,-0.7698769556,4.7570252037,-1.2270847559
3.9561083317,-0.5712465048,3.0493818385,-0.7713011413,4.7656385517,-1.2110565901
3.9508318901,-0.559014976,3.0442492873,-0.7726896872,4.7743873215,-1.1933860779
3.9457592964,-0.5475625396,3.0380191063,-0.7746328452,4.7824105835,-1.1759387255
3.940605402,-0.5362906456,3.032672442,-0.7764727432,4.7899791813,-1.1588978767
3.9346621037,-0.5243893862,3.0248351196,-0.7787165824,4.7961682892,-1.1430724859
3.9286823273,-0.512911737,3.0179153907,-0.7809404667,4.8031313038,-1.1249674559
3.9218890667,-0.5014879107,3.1844600494,-0.7721393767,4.8094689465,-1.1079642773
3.9159781933,-0.4909494817,3.1801028409,-0.7733171056,4.8152601337,-1.091431737
3.9092588425,-0.4804480672,3.1756730608,-0.7749604205,4.8200599766,-1.075152874
3.901954174,-0.4698585272,3.1717097172,-0.7768633002,4.825149498,-1.0588709116
3.8929207325,-0.4598077834,3.2171909081,-0.7732250479,4.8296277142,-1.0429853201
3.8827950954,-0.4497700036,3.2142930769,-0.77481028,4.8332318878,-1.0268471241
3.8736696243,-0.4409582019,3.218103073,-0.776584303,4.8370036697,-1.0108761787
3.8652758598,-0.4327533543,3.2196783197,-0.7773217494,4.8406233406,-0.9927043319
3.8574323654,-0.4240863919,3.2232200698,-0.7771652423,4.8429183579,-0.9773423672
3.8495643139,-0.4146499038,3.2219634824,-0.7785022432,4.8457750893,-0.9588106275
3.8416655064,-0.4060151279,3.2208607266,-0.7789418581,4.8469352341,-0.9443202019
3.8339326382,-0.3978953063,3.2205826717,-0.7796650667,4.8487515068,-0.9277793169
3.8260340691,-0.3900021613,3.2189191997,-0.7811991319,4.850586853,-0.9106119275
3.8178184032,-0.3813278973,3.2190163858,-0.7814513548,4.850953064,-0.8944875598
3.8096809387,-0.3727692664,3.2179106823,-0.7815687173,4.8521637535,-0.8781923652
3.8011291027,-0.3651662469,3.2158989882,-0.7826565647,4.8524984932,-0.8642687202
3.7926709652,-0.3586595654,3.2151641237,-0.7825936112,4.8515543556,-0.8484764099
3.7839796543,-0.3520954847,3.2134567039,-0.7834175351,4.8509888268,-0.8346366286
3.7751483917,-0.3451785445,3.2121703096,-0.7830442913,4.8502411461,-0.8202536702
3.7663743496,-0.3383152187,3.2106388093,-0.783010848,4.849248848,-0.8052455187
3.7579255104,-0.3319605291,3.2091850339,-0.7833768335,4.847591362,-0.79016155
3.7491612434,-0.3259579837,3.2069879478,-0.7846914362,4.8459853745,-0.775983274
3.7397167683,-0.3198816776,3.2061720898,-0.7834369004,4.8435430145,-0.7628511786
3.7296643257,-0.3135195374,3.205414651,-0.7827252039,4.8414582825,-0.7501173615
3.7194504738,-0.3077991307,3.2045321398,-0.7824478482,4.8385839081,-0.7366809249
3.7092709541,-0.3023684621,3.2030266495,-0.7824946442,4.8362011528,-0.7227723002
3.6997947693,-0.2978798747,3.2022548358,-0.782380468,4.8338918304,-0.7084284425
3.6899268627,-0.2935017049,3.2011858624,-0.7828411446,4.8314857101,-0.6942048669
3.6801817417,-0.2893615365,3.1995284413,-0.7833357923,4.8282868481,-0.6761809587
3.6706628799,-0.2849992812,3.1983943106,-0.784078996,4.8241712666,-0.6629333496
3.6603972912,-0.280854255,3.1973951905,-0.7829611043,4.8195788479,-0.648869276
3.6513819695,-0.2772996128,3.1955256373,-0.7843578297,4.815093956,-0.6342784762
3.6417601109,-0.2737857699,3.1945004719,-0.7829677622,4.8112170315,-0.6224081516
3.6313540936,-0.2704626024,3.1922658004,-0.7850500426,4.8060047245,-0.6094473004
3.6212258339,-0.2673081756,3.1909734433,-0.7854373963,4.8009485817,-0.5966835618
3.6113262177,-0.2647473514,3.1900823632,-0.7850440117,4.7954392052,-0.5839421153
3.6017022133,-0.2623188198,3.1880805994,-0.7856199953,4.7911083317,-0.5712465048
3.5921514034,-0.260440141,3.1872881264,-0.7858267454,4.7858318901,-0.559014976
3.5824296475,-0.2589141726,3.185942526,-0.7885083239,4.7807592964,-0.5475625396
3.5720837116,-0.2573257983,3.1836484411,-0.7893773259,4.775605402,-0.5362906456
3.5633158684,-0.2559320331,3.1820671363,-0.7922151918,4.7696621037,-0.5243893862
3.5538156033,-0.2539239526,3.1806181874,-0.7951642095,4.7636823273,-0.512911737
3.5436360836,-0.2520419657,3.1792802079,-0.7980112778,4.7568890667,-0.5014879107
3.5348908901,-0.2507127821,3.177659588,-0.8008338026,4.7509781933,-0.4909494817
3.5252776146,-0.2494872361,3.1764553226,-0.8039932147,4.7442588425,-0.4804480672
3.515611887,-0.2493260354,3.1747450747,-0.8076391196,4.736954174,-0.4698585272
3.5053112507,-0.2497145683,3.1737204966,-0.8115400291,4.7279207325,-0.4598077834
3.4954280853,-0.2504805624,3.1722553242,-0.8148969703,4.7177950954,-0.4497700036
3.4852516651,-0.2517739236,3.1716592236,-0.8180883628,4.7086696243,-0.4409582019
3.474799633,-0.2530243993,3.1715439654,-0.8212135229,4.7002758598,-0.4327533543
3.4643340111,-0.2545884252,3.1717633258,-0.8248109651,4.6924323654,-0.4240863919
3.4549517632,-0.2560063303,3.1716668776,-0.8250620799,4.6845643139,-0.4146499038
3.4453852177,-0.257230252,3.1707064237,-0.8282822689,4.6766655064,-0.4060151279
3.4355602264,-0.2588802576,3.1696825446,-0.830992803,4.6689326382,-0.3978953063
3.4263014793,-0.2610860467,3.1691860911,-0.8334100881,4.6610340691,-0.3900021613
3.4175817967,-0.2638366818,3.1695133256,-0.8379402724,4.6528184032,-0.3813278973
3.4096763134,-0.2663527727,3.1688921925,-0.8414827507,4.6446809387,-0.3727692664
3.4006688595,-0.2682262659,3.1687112071,-0.8449526349,4.6361291027,-0.3651662469
3.3912341595,-0.2708858848,3.1684344151,-0.8484291218,4.6276709652,-0.3586595654
3.3819215298,-0.2739770412,3.1698346084,-0.8523133939,4.6189796543,-0.3520954847
3.3714709282,-0.2770624161,3.1705714496,-0.856367644,4.6101483917,-0.3451785445
3.3607842922,-0.280480057,3.1718681951,-0.8611187985,4.6013743496,-0.3383152187
3.3505630493,-0.2839433551,3.1733877732,-0.8658389338,4.5929255104,-0.3319605291
3.3417646885,-0.2879465818,3.1745562271,-0.8700250624,4.5841612434,-0.3259579837
3.3331923485,-0.2918619215,3.1761681411,-0.8747782368,4.5747167683,-0.3198816776
3.3252799511,-0.2959550023,3.1772377086,-0.8792700159,4.5646643257,-0.3135195374
3.3178448677,-0.2999198735,3.1796091577,-0.8846315967,4.5544504738,-0.3077991307
3.3092346191,-0.303963989,3.1814867375,-0.8898045467,4.5442709541,-0.3023684621
3.3003468514,-0.3085870147,3.1830175587,-0.8945408877,4.5347947693,-0.2978798747
3.2919340134,-0.3132179081,3.1833761055,-0.9000024976,4.5249268627,-0.2935017049
3.28332901,-0.31818524,3.1828958909,-0.9051446489,4.5151817417,-0.2893615365
2.9970912933,-0.2013847083,3.1836232784,-0.9111294523,4.5056628799,-0.2849992812
2.9865884781,-0.207684949,3.1849464583,-0.9168782035,4.4953972912,-0.280854255
2.9764947891,-0.2141811103,3.187067651,-0.921917803,4.4863819695,-0.2772996128
2.9665796757,-0.2210685909,3.1893352744,-0.925847106,4.4767601109,-0.2737857699
2.8946304321,-0.2057298124,3.1917555074,-0.9302688426,4.4663540936,-0.2704626024
2.8558228016,-0.2002859861,3.1947145361,-0.9351337843,4.4562258339,-0.2673081756
2.8290231228,-0.2041468769,3.197972026,-0.9402412313,4.4463262177,-0.2647473514
2.8190848827,-0.2117357105,3.201453078,-0.9446384245,4.4367022133,-0.2623188198
2.7877349854,-0.2107747495,3.2052213444,-0.9488365915,4.4271514034,-0.260440141
2.7707083225,-0.2183334827,3.2087567677,-0.9536558227,4.4174296475,-0.2589141726
2.750787735,-0.2247141749,3.2125140865,-0.9591951266,4.4070837116,-0.2573257983
2.7340071201,-0.2330352217,3.2163717317,-0.9645056498,4.3983158684,-0.2559320331
2.7191872597,-0.2410279214,3.2202669438,-0.9691429208,4.3888156033,-0.2539239526
2.7051334381,-0.2490591109,3.2243650707,-0.9734930724,4.3786360836,-0.2520419657
2.6919028759,-0.2577413917,3.2286990063,-0.9778275986,4.3698908901,-0.2507127821
2.6553246975,-0.2627115846,3.2331532024,-0.9824339283,4.3602776146,-0.2494872361
2.6465203762,-0.2720885277,3.2373841441,-0.9868801025,4.350611887,-0.2493260354
2.631455183,-0.2830498517,3.2414997866,-0.9909561374,4.3403112507,-0.2497145683
2.6201395989,-0.2969007492,3.2455582429,-0.9952953981,4.3304280853,-0.2504805624
2.6073544025,-0.3130486906,3.2496354591,-0.9994769012,4.3202516651,-0.2517739236
2.596227169,-0.3260291219,3.2546249279,-1.0043137191,4.309799633,-0.2530243993
2.5858764648,-0.3398463726,3.259381988,-1.00894288,4.2993340111,-0.2545884252
2.5754444599,-0.3547458947,3.2643287413,-1.0134411221,4.2899517632,-0.2560063303
2.5657496452,-0.3688105643,3.2695478345,-1.0173459781,4.2803852177,-0.257230252
2.5547688007,-0.38383165,3.2743958975,-1.0212783822,4.2705602264,-0.2588802576
2.5441668034,-0.3969617188,3.2805649057,-1.0254437629,4.2613014793,-0.2610860467
2.5345265865,-0.4108126462,3.2865726334,-1.029475402,4.2525817967,-0.2638366818
2.5267550945,-0.4257904589,3.2924424218,-1.0335902738,4.2446763134,-0.2663527727
2.5167868137,-0.4441603422,3.299234288,-1.037727807,4.2356688595,-0.2682262659
2.5079014301,-0.4571950734,3.3062756659,-1.0420305206,4.2262341595,-0.2708858848
2.4987339973,-0.4731296897,3.3137712919,-1.0461049824,4.2169215298,-0.2739770412
2.490768671,-0.4882701635,3.3214441097,-1.0503404671,4.2064709282,-0.2770624161
2.4838635922,-0.5041506886,3.3285936707,-1.0543965804,4.1957842922,-0.280480057
2.4774773121,-0.5185557604,3.3349301738,-1.0579400398,4.1855630493,-0.2839433551
2.4705250263,-0.5336421132,3.3426913343,-1.0612579169,4.1767646885,-0.2879465818
2.4638130665,-0.550031662,3.3497500454,-1.0636042674,4.1681923485,-0.2918619215
2.4580721855,-0.566562295,3.3566204488,-1.0658294788,4.1602799511,-0.2959550023
2.4522249699,-0.5836371183,3.3650930254,-1.0682662356,4.1528448677,-0.2999198735
2.4463088512,-0.6014513969,3.373157107,-1.0705136153,4.1442346191,-0.303963989
2.441888094,-0.6191366315,3.381439164,-1.0734756848,4.1353468514,-0.3085870147
2.4378194809,-0.6372513771,3.3895923798,-1.0766571945,4.1269340134,-0.3132179081
2.4345941544,-0.6528092623,3.3984345688,-1.07982803,4.11832901,-0.31818524
2.4317755699,-0.6680216193,3.4069555978,-1.0830949747,3.8320912933,-0.2013847083
2.4285285473,-0.6860288978,3.4147474211,-1.0858621362,3.8215884781,-0.207684949
2.426356554,-0.702675283,3.4217118007,-1.0884998781,3.8114947891,-0.2141811103
2.4244883061,-0.7190724611,3.4294437891,-1.090616603,3.8015796757,-0.2210685909
2.4242773056,-0.7328767776,3.4365811708,-1.0921838154,3.7296304321,-0.2057298124
2.4228718281,-0.7480969429,3.4431311967,-1.0938459123,3.6908228016,-0.2002859861
2.4213166237,-0.7635312676,3.4499530301,-1.0957509904,3.6640231228,-0.2041468769
2.4217970371,-0.7774088979,3.4565239321,-1.0979280883,3.6540848827,-0.2117357105
2.4206540585,-0.7935442328,3.4635649815,-1.0996120215,3.6227349854,-0.2107747495
2.419267416,-0.8094351292,3.4698864192,-1.1003523943,3.6057083225,-0.2183334827
2.4186038971,-0.8268565536,3.4764284561,-1.1015283445,3.585787735,-0.2247141749
2.4182860851,-0.8423568606,3.4838720424,-1.1027297529,3.5690071201,-0.2330352217
2.418030262,-0.8602219224,3.4906784219,-1.1035093518,3.5541872597,-0.2410279214
2.4183466435,-0.8758813739,3.4978956377,-1.1041459135,3.5401334381,-0.2490591109
2.4189865589,-0.8939188123,3.505448135,-1.1044526935,3.5269028759,-0.2577413917
2.4202139378,-0.9112542868,3.5144830794,-1.104888025,3.4903246975,-0.2627115846
2.4222948551,-0.9280014038,3.5238129054,-1.1048125765,3.4815203762,-0.2720885277
2.4240412712,-0.9458627105,3.5332624479,-1.1046380337,3.466455183,-0.2830498517
2.426261425,-0.9637458324,3.5426643759,-1.1040847527,3.4551395989,-0.2969007492
2.4288158417,-0.9817649722,3.5505143848,-1.1033443984,3.4423544025,-0.3130486906
2.4317810535,-1.000263691,3.5579125325,-1.102869637,3.431227169,-0.3260291219
2.4352183342,-1.018581152,3.5656891638,-1.1020671217,3.4208764648,-0.3398463726
2.4391536713,-1.0340903997,3.5736927371,-1.1010733995,3.4104444599,-0.3547458947
2.4431445599,-1.0492107868,3.3043720102,-0.9777889362,3.4007496452,-0.3688105643
2.4485118389,-1.0711447001,3.3104004982,-0.9773411969,3.3897688007,-0.38383165
2.4536240101,-1.087507844,3.3170279367,-0.9765866058,3.3791668034,-0.3969617188
2.458524704,-1.1004641056,3.3238955275,-0.9757541851,3.3695265865,-0.4108126462
2.4636275768,-1.1132986546,3.2683490919,-0.9524287661,3.3617550945,-0.4257904589
2.4690363407,-1.1270488501,3.2454556372,-0.9388055982,3.3517868137,-0.4441603422
2.4748475552,-1.1410421133,3.2343054785,-0.9341956262,3.3429014301,-0.4571950734
2.4803133011,-1.153865099,3.240112421,-0.9328187683,3.3337339973,-0.4731296897
2.4864943028,-1.1686939001,3.2238775685,-0.9228173124,3.325768671,-0.4882701635
2.4928171635,-1.1827452183,3.2218230916,-0.920985907,3.3188635922,-0.5041506886
2.4998733997,-1.1980842352,3.2166500861,-0.9176768246,3.3124773121,-0.5185557604
2.5063047409,-1.2108024359,3.2142092684,-0.9161390651,3.3055250263,-0.5336421132
2.51471591,-1.2266908884,3.2132346535,-0.9141862511,3.2988130665,-0.550031662
2.5223441124,-1.2397557497,3.2130477888,-0.9118169676,3.2930721855,-0.566562295
2.5320088863,-1.2569221258,3.2132734756,-0.9099665536,3.2872249699,-0.5836371183
2.5400218964,-1.2693076134,3.18904937,-0.9048665021,3.2813088512,-0.6014513969
2.54844594,-1.282165885,3.193050875,-0.9033803604,3.276888094,-0.6191366315
2.5574440956,-1.294953227,3.1904951432,-0.9032911652,3.2728194809,-0.6372513771
2.5664141178,-1.3071856499,3.1915812544,-0.9057352083,3.2695941544,-0.6528092623
2.5767655373,-1.3206325769,3.1911989564,-0.9099996945,3.2667755699,-0.6680216193
2.5863800049,-1.3320454359,3.1924804279,-0.9105862325,3.2635285473,-0.6860288978
2.5958497524,-1.342890501,3.1943312822,-0.9116922429,3.261356554,-0.702675283
2.6052789688,-1.3531833887,3.1959761962,-0.9134634695,3.2594883061,-0.7190724611
2.6150250435,-1.3631373644,3.1983866611,-0.9137833804,3.2592773056,-0.7328767776
2.6246328354,-1.3731012344,3.1992639805,-0.9147279934,3.2578718281,-0.7480969429
2.6338436604,-1.3821440935,3.2003671023,-0.9133202491,3.2563166237,-0.7635312676
2.6435477734,-1.3912127018,3.2018034824,-0.9127753025,3.2567970371,-0.7774088979
2.6529934406,-1.3998657465,3.2046639279,-0.9132990002,3.2556540585,-0.7935442328
2.6626055241,-1.4079518318,3.2049875963,-0.9170288726,3.254267416,-0.8094351292
2.6726570129,-1.4162718058,3.20556544,-0.9159868491,3.2536038971,-0.8268565536
2.6832606792,-1.4243677855,3.2059026152,-0.9171313902,3.2532860851,-0.8423568606
2.6940796375,-1.4319039583,3.2071918078,-0.9171790738,3.253030262,-0.8602219224
2.705231905,-1.439945221,3.2088810928,-0.9183663183,3.2533466435,-0.8758813739
2.7164511681,-1.4474616051,3.2106596774,-0.9181412748,3.2539865589,-0.8939188123
2.7274963856,-1.4545898438,3.2116739941,-0.9182499287,3.2552139378,-0.9112542868
2.7392046452,-1.461635232,3.2130309871,-0.9186744044,3.2572948551,-0.9280014038
2.7517707348,-1.468531251,3.214836081,-0.919455155,3.2590412712,-0.9458627105
2.7760820389,-1.488368988,3.216579979,-0.9197715918,3.261261425,-0.9637458324
2.7978966236,-1.5053251982,3.2181253837,-0.9200800278,3.2638158417,-0.9817649722
2.8185608387,-1.5192519426,3.2207146936,-0.920224811,3.2667810535,-1.000263691
2.8381335735,-1.5316275358,3.2231658392,-0.9208991545,3.2702183342,-1.018581152
2.8516335487,-1.5373737812,3.2259178037,-0.9193272659,3.2741536713,-1.0340903997
2.8733165264,-1.5504852533,3.2285418519,-0.9177984317,3.2781445599,-1.0492107868
2.8930454254,-1.5599145889,3.230317172,-0.9191811343,3.2835118389,-1.0711447001
2.9118075371,-1.5691775084,3.2327296658,-0.9194409832,3.2886240101,-1.087507844
2.9259033203,-1.5739176273,3.2349667612,-0.9199446541,3.293524704,-1.1004641056
2.9420518875,-1.5808998346,3.2385364518,-0.9178281417,3.2986275768,-1.1132986546
2.9550902844,-1.5846060515,3.2405756363,-0.9171692534,3.3040363407,-1.1270488501
2.9683947563,-1.5880721808,3.2421406156,-0.9167400746,3.3098475552,-1.1410421133
2.981703043,-1.5913352966,3.2453818426,-0.9150062539,3.3153133011,-1.153865099
2.995650053,-1.5943834782,3.2467020727,-0.9154853759,3.3214943028,-1.1686939001
3.0113608837,-1.5976002216,3.2475014006,-0.9155173184,3.3278171635,-1.1827452183
3.0267105103,-1.6006900072,3.2487233973,-0.9170040972,3.3348733997,-1.1980842352
3.0421969891,-1.6032519341,3.2500234988,-0.9160985642,3.3413047409,-1.2108024359
3.0565488339,-1.6048432589,3.2510999481,-0.916965753,3.34971591,-1.2266908884
3.0710594654,-1.6065378189,3.2524149832,-0.9153144672,3.3573441124,-1.2397557497
3.0854468346,-1.6078430414,3.2536990119,-0.9158296543,3.3670088863,-1.2569221258
3.0999164581,-1.6085450649,3.2552046732,-0.9151831364,3.3750218964,-1.2693076134
3.1148006916,-1.6085706949,3.2571748853,-0.9138486856,3.38344594,-1.282165885
3.1299309731,-1.6079069376,3.2584101625,-0.9134047771,3.3924440956,-1.294953227
3.1443221569,-1.6068384647,3.2597208184,-0.9130466831,3.4014141178,-1.3071856499
3.1586446762,-1.6059658527,3.2609526934,-0.9126764475,3.4117655373,-1.3206325769
3.1731741428,-1.6052440405,3.262128854,-0.912243838,3.4213800049,-1.3320454359
3.1868727207,-1.6042145491,3.2632798652,-0.9111611116,3.4308497524,-1.342890501
3.2006797791,-1.6028850079,3.2644304082,-0.9070342244,3.4402789688,-1.3531833887
3.2138547897,-1.6007574797,3.2652896375,-0.903257248,3.4500250435,-1.3631373644
3.2269332409,-1.5987648964,3.2673042215,-0.907425433,3.4596328354,-1.3731012344
3.2399277687,-1.5966930389,3.2687936998,-0.9066119041,3.4688436604,-1.3821440935
3.2538161278,-1.5946627855,3.2697884371,-0.9027872999,3.4785477734,-1.3912127018
3.266890049,-1.5919730663,3.2707004871,-0.8991531859,3.4879934406,-1.3998657465
3.2796616554,-1.5885357857,3.2716587623,-0.8967833238,3.4976055241,-1.4079518318
3.2927865982,-1.5847426653,3.2727726147,-0.8949921924,3.5076570129,-1.4162718058
3.305031538,-1.5813609362,3.2733276598,-0.892420667,3.5182606792,-1.4243677855
3.3170468807,-1.5776951313,3.2742106572,-0.8916958691,3.5290796375,-1.4319039583
3.3295440674,-1.5735964775,3.2746973726,-0.8896781565,3.540231905,-1.439945221
3.3418469429,-1.5691802502,3.2754603485,-0.8887464762,3.5514511681,-1.4474616051
3.3540375233,-1.5647484064,3.2750805148,-0.8849055602,3.5624963856,-1.4545898438
3.3658144474,-1.5600498915,3.2761466802,-0.8839838031,3.5742046452,-1.461635232
3.3769333363,-1.5543797016,3.2759407726,-0.8801489675,3.5867707348,-1.468531251
3.3874950409,-1.5486439467,3.2774903953,-0.8807808173,3.6110820389,-1.488368988
3.3986039162,-1.5429317951,3.2769097842,-0.8765975359,3.6328966236,-1.5053251982
3.409245491,-1.537284255,3.276187387,-0.872754905,3.6535608387,-1.5192519426
3.419983387,-1.5310566425,3.2755365386,-0.8688450161,3.6731335735,-1.5316275358
3.431368351,-1.5244469643,3.2743863478,-0.8644664547,3.6866335487,-1.5373737812
3.4417998791,-1.5175689459,3.2741508399,-0.8614172638,3.7083165264,-1.5504852533
3.4515168667,-1.5106329918,3.272982953,-0.8568598345,3.7280454254,-1.5599145889
3.4604358673,-1.5034378767,3.271652672,-0.8524668289,3.7468075371,-1.5691775084
3.4696285725,-1.4961192608,3.2701673792,-0.8480612591,3.7609033203,-1.5739176273
3.4783461094,-1.48878932,3.2689328764,-0.8438787484,3.7770518875,-1.5808998346
3.487701416,-1.481120944,3.2675047296,-0.8402403785,3.7900902844,-1.5846060515
3.4975318909,-1.4730522633,3.265695857,-0.8362615367,3.8033947563,-1.5880721808
3.5061962605,-1.4655863047,3.2643141054,-0.8327557874,3.816703043,-1.5913352966
3.5158503056,-1.457128644,3.2625586854,-0.8292036954,3.830650053,-1.5943834782
3.5241367817,-1.4489432573,3.2607721141,-0.825352746,3.8463608837,-1.5976002216
3.6959629059,-1.4305751324,3.2590638064,-0.8218375901,3.8617105103,-1.6006900072
3.7499892712,-1.414657712,3.2575255393,-0.8181955041,3.8771969891,-1.6032519341
3.7688384056,-1.40292418,3.2558276555,-0.8141142461,3.8915488339,-1.6048432589
3.7841873169,-1.3907250166,3.2538832069,-0.8104956891,3.9060594654,-1.6065378189
3.7986135483,-1.3776687384,3.2514341767,-0.8063546369,3.9204468346,-1.6078430414
3.8118929863,-1.3667180538,3.248483196,-0.8020580763,3.9349164581,-1.6085450649
3.8219475746,-1.355373621,3.2458641212,-0.7979175664,3.9498006916,-1.6085706949
3.837925911,-1.3426686525,3.2436629868,-0.7937965056,3.9649309731,-1.6079069376
3.8518023491,-1.3298579454,3.2528271131,-0.8028479465,3.9793221569,-1.6068384647
3.8646364212,-1.3165018559,3.2589772447,-0.8091717488,3.9936446762,-1.6059658527
3.8763360977,-1.3030657768,3.263380022,-0.8125972474,4.0081741428,-1.6052440405
3.8858611584,-1.2901391983,3.2662483724,-0.8147295772,4.0218727207,-1.6042145491
3.896728754,-1.2753552198,3.2627296196,-0.8105829002,4.0356797791,-1.6028850079
3.9063186646,-1.2613053322,3.2678867852,-0.8145917318,4.0488547897,-1.6007574797
3.9150366783,-1.2463788986,3.2713227501,-0.8155146764,4.0619332409,-1.5987648964
3.9233081341,-1.2306571007,3.2738065427,-0.8167270554,4.0749277687,-1.5966930389
3.9302091599,-1.2172687054,3.2714010535,-0.8137490404,4.0888161278,-1.5946627855
3.9378781319,-1.2023097277,3.2713590768,-0.8135786898,4.101890049,-1.5919730663
3.9450380802,-1.1865552664,3.2684507307,-0.8106356419,4.1146616554,-1.5885357857
3.9517548084,-1.1708548069,3.2658882193,-0.807865411,4.1277865982,-1.5847426653
3.9588463306,-1.1548967362,3.2634345294,-0.8052994618,4.140031538,-1.5813609362
3.9657409191,-1.1390670538,3.2616045194,-0.8028702528,4.1520468807,-1.5776951313
3.9717085362,-1.1228060722,3.2614189961,-0.8009221784,4.1645440674,-1.5735964775
3.9788386822,-1.104279995,3.2601343984,-0.798980426,4.1768469429,-1.5691802502
3.98589921,-1.0847395659,3.2583783534,-0.7967219706,4.1890375233,-1.5647484064
3.9916286469,-1.0673786402,3.2549856822,-0.793765099,4.2008144474,-1.5600498915
3.9968817234,-1.0504136086,3.2513184566,-0.7912270436,4.2119333363,-1.5543797016
4.0014286041,-1.0331367254,3.2471008529,-0.7886404154,4.2224950409,-1.5486439467
4.0055012703,-1.016933322,3.2426589168,-0.7858363956,4.2336039162,-1.5429317951
4.0089788437,-1.0014206171,3.2381838493,-0.7827368372,4.244245491,-1.537284255
4.0113773346,-0.9863875508,3.2337658648,-0.7793882115,4.254983387,-1.5310566425
4.0126166344,-0.97133255,3.2288899528,-0.7761319871,4.266368351,-1.5244469643
4.0150294304,-0.9571405649,3.224128666,-0.7735375908,4.2767998791,-1.5175689459
4.0173802376,-0.9406698942,3.2196236593,-0.7715370137,4.2865168667,-1.5106329918
4.0183310509,-0.9245293736,3.2145452232,-0.7696732399,4.2954358673,-1.5034378767
4.0188765526,-0.9106094837,3.209457626,-0.7679311687,4.3046285725,-1.4961192608
4.0181789398,-0.894931674,3.204210443,-0.7658131996,4.3133461094,-1.48878932
4.0183048248,-0.8805699945,3.1991216479,-0.7642282109,4.322701416,-1.481120944
4.0192861557,-0.8633934259,3.1943137006,-0.7629398855,4.3325318909,-1.4730522633
4.0181808472,-0.8478630185,3.1900729102,-0.7620994147,4.3411962605,-1.4655863047
4.0173802376,-0.8349144459,3.1853804846,-0.7609609394,4.3508503056,-1.457128644
4.0167293549,-0.8222165704,3.18043783,-0.7594521972,4.3591367817,-1.4489432573
4.0160236359,-0.8103238344,3.1757954967,-0.7579790677,4.5309629059,-1.4305751324
4.0150642395,-0.7981923819,3.1704374226,-0.7572800007,4.5849892712,-1.414657712
4.0139107704,-0.7855147123,3.1647198606,-0.7567070418,4.6038384056,-1.40292418
4.0129032135,-0.7724317908,3.1592040981,-0.7561558014,4.6191873169,-1.3907250166
4.0119638443,-0.7595121861,3.1536219744,-0.7556715991,4.6336135483,-1.3776687384
4.0097270012,-0.7464950681,3.1478248942,-0.7556122524,4.6468929863,-1.3667180538
4.0069622994,-0.7337883711,3.1416546713,-0.7557008634,4.6569475746,-1.355373621
4.0045480728,-0.7200523019,3.1352210549,-0.7551299677,4.672925911,-1.3426686525
4.0017938614,-0.7070573568,3.1285874998,-0.7547977088,4.6868023491,-1.3298579454
3.9990696907,-0.6937127709,3.1225926866,-0.7548691293,4.6996364212,-1.3165018559
3.995524168,-0.6812003851,3.1164339217,-0.7553083289,4.7113360977,-1.3030657768
3.9915773869,-0.6692097783,3.1102750923,-0.7556175822,4.7208611584,-1.2901391983
3.9876224995,-0.6564266086,3.1042652397,-0.7561836509,4.731728754,-1.2753552198
3.9857354164,-0.6357248425,3.0972663,-0.7569628868,4.7413186646,-1.2613053322
3.9813461304,-0.6231946349,3.0903559495,-0.7577799144,4.7500366783,-1.2463788986
3.9764676094,-0.6103857756,3.0834032454,-0.7584067591,4.7583081341,-1.2306571007
3.9712212086,-0.5973320603,3.0770715576,-0.7591498216,4.7652091599,-1.2172687054
3.9657356739,-0.5841574073,3.0707995407,-0.7600021367,4.7728781319,-1.2023097277
3.9604666233,-0.5709418654,3.0654846296,-0.7607335833,4.7800380802,-1.1865552664
3.9550492764,-0.5590624213,3.0598662974,-0.7619448224,4.7867548084,-1.1708548069
3.9485070705,-0.547891736,3.0547207078,-0.7631656404,4.7938463306,-1.1548967362
3.9420015812,-0.5363975167,3.0493760717,-0.7645777409,4.8007409191,-1.1390670538
3.9346880913,-0.5246170759,3.0435696626,-0.7660961235,4.8067085362,-1.1228060722
3.9273016453,-0.5125858188,3.2014498209,-0.7577588328,4.8138386822,-1.104279995
3.9201645851,-0.5019196272,3.2411800589,-0.7525866057,4.82089921,-1.0847395659
3.9129552841,-0.4914717972,3.2458584654,-0.7519887406,4.8266286469,-1.0673786402
3.9056704044,-0.4817940891,3.2473307421,-0.7511861341,4.8318817234,-1.0504136086
3.8980250359,-0.4726121426,3.2480803793,-0.7498644742,4.8364286041,-1.0331367254
3.8901174069,-0.4633476734,3.2477457974,-0.7511184166,4.8405012703,-1.016933322
3.8827512264,-0.4539736211,3.2447019203,-0.752039204,4.8439788437,-1.0014206171
3.8756012917,-0.4456591308,3.2473908692,-0.7523354173,4.8463773346,-0.9863875508
3.8676576614,-0.4373911619,3.2479199404,-0.7531855943,4.8476166344,-0.97133255
3.8599271774,-0.4298023582,3.2474855611,-0.7540520536,4.8500294304,-0.9571405649
3.8516066074,-0.4219561219,3.2462210629,-0.7551789208,4.8523802376,-0.9406698942
3.8431522846,-0.4141080976,3.2435625132,-0.7565875002,4.8533310509,-0.9245293736
3.8350324631,-0.4067643583,3.2423067698,-0.7567447392,4.8538765526,-0.9106094837
3.8260653019,-0.3987612724,3.240054675,-0.7579990036,4.8531789398,-0.894931674
3.8172867298,-0.3916743696,3.2377109374,-0.7580605549,4.8533048248,-0.8805699945
3.8079462051,-0.3843255937,3.235596958,-0.7570767987,4.8542861557,-0.8633934259
3.7984347343,-0.3771836162,3.2328857057,-0.75795948,4.8531808472,-0.8478630185
3.7890892029,-0.3707358241,3.2311353336,-0.7576305384,4.8523802376,-0.8349144459
3.7803587914,-0.3650856018,3.2291958121,-0.7566775961,4.8517293549,-0.8222165704
3.7709820271,-0.3595531285,3.2270584292,-0.7560776112,4.8510236359,-0.8103238344
3.7623040676,-0.3544330001,3.2252781159,-0.7560200153,4.8500642395,-0.7981923819
3.753770113,-0.3481091857,3.2234659303,-0.7566369227,4.8489107704,-0.7855147123
3.744464159,-0.3431220353,3.2210180541,-0.7571713306,4.8479032135,-0.7724317908
3.7355334759,-0.3391135037,3.2197530213,-0.7564094392,4.8469638443,-0.7595121861
3.7265627384,-0.3351709843,3.218677599,-0.7552005488,4.8447270012,-0.7464950681
3.7177479267,-0.3310490549,3.216842624,-0.7560402664,4.8419622994,-0.7337883711
3.7078704834,-0.3264203072,3.2152425126,-0.7567043844,4.8395480728,-0.7200523019
3.6975142956,-0.3216778934,3.2135144401,-0.756701861,4.8367938614,-0.7070573568
3.6863269806,-0.3174057007,3.21185329,-0.7574186835,4.8340696907,-0.6937127709
3.6757440567,-0.3135452271,3.2101667784,-0.758265834,4.830524168,-0.6812003851
3.6651389599,-0.3102294505,3.2079022904,-0.7591149888,4.8265773869,-0.6692097783
3.6555168629,-0.3076553345,3.2047992345,-0.7600128573,4.8226224995,-0.6564266086
3.6452789307,-0.3047725856,3.2031103841,-0.7621728076,4.8207354164,-0.6357248425
3.6346101761,-0.3016701639,3.201685381,-0.7621569672,4.8163461304,-0.6231946349
3.6244478226,-0.299133867,3.1991970967,-0.76252774,4.8114676094,-0.6103857756
3.6139373779,-0.2971255183,3.1967164532,-0.7647405866,4.8062212086,-0.5973320603
3.6032478809,-0.29556036,3.1932696259,-0.7655114749,4.8007356739,-0.5841574073
3.5926878452,-0.2943040431,3.1910512425,-0.7670954391,4.7954666233,-0.5709418654
3.5822045803,-0.293222785,3.1900146381,-0.765752685,4.7900492764,-0.5590624213
3.5707259178,-0.2918534279,3.187180594,-0.7662324888,4.7835070705,-0.547891736
3.5604255199,-0.2904517055,3.1849509012,-0.7694441162,4.7770015812,-0.5363975167
3.5499777794,-0.289211005,3.1832113503,-0.7724903181,4.7696880913,-0.5246170759
3.5391318798,-0.2886687219,3.1817325705,-0.7759235081,4.7623016453,-0.5125858188
3.5281085968,-0.2884233296,3.1802811904,-0.7791601718,4.7551645851,-0.5019196272
3.5170059204,-0.2885252833,3.1789173285,-0.7822107575,4.7479552841,-0.4914717972
3.5067844391,-0.2889770567,3.1780039851,-0.7854026256,4.7406704044,-0.4817940891
3.496556282,-0.2898543179,3.177491688,-0.7891969379,4.7330250359,-0.4726121426
3.4859035015,-0.2910347879,3.1760385514,-0.7932768253,4.7251174069,-0.4633476734
3.4748029709,-0.291921705,3.1744026593,-0.7975802973,4.7177512264,-0.4539736211
3.4635362625,-0.2929309011,3.1735146515,-0.8013444714,4.7106012917,-0.4456591308
3.4544987679,-0.2946477532,3.1726647066,-0.8058996998,4.7026576614,-0.4373911619
3.4452893734,-0.297012955,3.172262701,-0.8103968144,4.6949271774,-0.4298023582
3.4360580444,-0.2996379137,3.1713501525,-0.8152233544,4.6866066074,-0.4219561219
3.4253723621,-0.3018367589,3.1703368735,-0.820169983,4.6781522846,-0.4141080976
3.4160139561,-0.3038753867,3.1696858588,-0.8243689083,4.6700324631,-0.4067643583
3.407235384,-0.3062033951,3.1714587229,-0.8205989364,4.6610653019,-0.3987612724
3.3978824616,-0.3085072637,3.1709165566,-0.8242639516,4.6522867298,-0.3916743696
3.388961792,-0.311237216,3.170225944,-0.827639869,4.6429462051,-0.3843255937
3.3811273575,-0.3140169084,3.1695679586,-0.8309493348,4.6334347343,-0.3771836162
3.3717045784,-0.3173750043,3.1691205902,-0.8344160187,4.6240892029,-0.3707358241
3.3630130291,-0.3206368089,3.1694096465,-0.8382503458,4.6153587914,-0.3650856018
3.3548750877,-0.3238831759,3.1699033645,-0.8432645698,4.6059820271,-0.3595531285
3.3449270725,-0.328050673,3.1696393374,-0.8488734937,4.5973040676,-0.3544330001
3.3353221417,-0.3319907188,3.1699677364,-0.8544992404,4.588770113,-0.3481091857
3.3274309635,-0.3363317251,3.1701831194,-0.8604103338,4.579464159,-0.3431220353
3.3189692497,-0.3414499462,3.1710450093,-0.8665644406,4.5705334759,-0.3391135037
3.3113827705,-0.346486181,3.1726788547,-0.8740621361,4.5615627384,-0.3351709843
3.3032200337,-0.351130724,3.1744800274,-0.8811886937,4.5527479267,-0.3310490549
3.295186758,-0.3557040095,3.1763050745,-0.8883050726,4.5428704834,-0.3264203072
3.287124157,-0.3606054187,3.1777562847,-0.8950312356,4.5325142956,-0.3216778934
3.2789599896,-0.3656513393,3.1789235336,-0.9008728027,4.5213269806,-0.3174057007
3.2710723877,-0.3709559143,3.180859879,-0.9062716429,4.5107440567,-0.3135452271
3.2634234428,-0.3762282133,3.182999221,-0.9120573897,4.5001389599,-0.3102294505
2.9737267494,-0.2531810701,3.1842323279,-0.917135654,4.4905168629,-0.3076553345
2.9628796578,-0.2594462037,3.1858254406,-0.9225617442,4.4802789307,-0.3047725856
2.9519693852,-0.2662322223,3.1870756103,-0.9275483668,4.4696101761,-0.3016701639
2.879486084,-0.2479648143,3.1885651488,-0.9325101093,4.4594478226,-0.299133867
2.8397026062,-0.2425312847,3.1908676756,-0.9380615357,4.4489373779,-0.2971255183
2.7993178368,-0.238733232,3.1929032527,-0.9431240041,4.4382478809,-0.29556036
2.7737207413,-0.243947804,3.1955366367,-0.9490358196,4.4276878452,-0.2943040431
2.7549910545,-0.2498794496,3.1983724762,-0.9549785821,4.4172045803,-0.293222785
2.7400054932,-0.2590138912,3.201589458,-0.9611362514,4.4057259178,-0.2918534279
2.7288491726,-0.2664164603,3.205042133,-0.9674886912,4.3954255199,-0.2904517055
2.7149374485,-0.276686579,3.209120482,-0.9741108543,4.3849777794,-0.289211005
2.7020716667,-0.286206305,3.2127556756,-0.9805268033,4.3741318798,-0.2886687219
2.6894767284,-0.2954885662,3.2171455517,-0.986910001,4.3631085968,-0.2884233296
2.6774585247,-0.3051448762,3.2218590807,-0.9917671833,4.3520059204,-0.2885252833
2.6427588463,-0.3249774575,3.2254778069,-0.9972459765,4.3417844391,-0.2889770567
2.634506464,-0.3353639543,3.229248221,-1.00311667,4.331556282,-0.2898543179
2.6196284294,-0.3425907791,3.2330204369,-1.0086997222,4.3209035015,-0.2910347879
2.6122756004,-0.3525768518,3.2368355299,-1.0136530621,4.3098029709,-0.291921705
2.6055047512,-0.3624285162,3.2401681238,-1.0181424096,4.2985362625,-0.2929309011
2.5930373669,-0.3757041693,3.2437501518,-1.0226223035,4.2894987679,-0.2946477532
2.5838608742,-0.3912574947,3.2467427257,-1.0273286874,4.2802893734,-0.297012955
2.5751383305,-0.4057501853,3.2507546666,-1.0323003888,4.2710580444,-0.2996379137
2.566596508,-0.4187836945,3.2549017276,-1.0375054486,4.2603723621,-0.3018367589
2.5593192577,-0.4320429564,3.2599735006,-1.04302627,4.2510139561,-0.3038753867
2.5517573357,-0.4442152381,3.2645545155,-1.0479239053,4.242235384,-0.3062033951
2.5437438488,-0.4587305486,3.2691529169,-1.0524470654,4.2328824616,-0.3085072637
2.5367283821,-0.4724287391,3.2744920909,-1.0572604726,4.223961792,-0.311237216
2.5295403004,-0.4900352657,3.2796052233,-1.062270586,4.2161273575,-0.3140169084
2.5229055882,-0.5023943186,3.2847194391,-1.0674182458,4.2067045784,-0.3173750043
2.5163464546,-0.5157826543,3.2900792553,-1.072541157,4.1980130291,-0.3206368089
2.5096735954,-0.530331254,3.2956432941,-1.0775107381,4.1898750877,-0.3238831759
2.5036766529,-0.5432872772,3.3004940939,-1.0819165428,4.1799270725,-0.328050673
2.4974405766,-0.5596423149,3.3066768269,-1.0859619599,4.1703221417,-0.3319907188
2.4918737412,-0.5757166743,3.3128745611,-1.0898401501,4.1624309635,-0.3363317251
2.4860374928,-0.5930746198,3.3185840202,-1.0940156073,4.1539692497,-0.3414499462
2.4804773331,-0.6092655063,3.3243735103,-1.0981868622,4.1463827705,-0.346486181
2.4750392437,-0.6265933514,3.3305617264,-1.1024439074,4.1382200337,-0.351130724
2.4706332684,-0.6435224414,3.3376451466,-1.1066670126,4.130186758,-0.3557040095
2.4668161869,-0.6599155068,3.3446863574,-1.1109270858,4.122124157,-0.3606054187
2.4634590149,-0.6750633121,3.3514315205,-1.1151356619,4.1139599896,-0.3656513393
2.4603903294,-0.689566493,3.3580019983,-1.1187121845,4.1060723877,-0.3709559143
2.4581775665,-0.7040886283,3.3647435592,-1.122065972,4.0984234428,-0.3762282133
2.4556128979,-0.7216380835,3.3736191913,-1.1257214312,3.8087267494,-0.2531810701
2.4538345337,-0.7375078797,3.3822972752,-1.1296334926,3.7978796578,-0.2594462037
2.4525659084,-0.7518982887,3.3905398987,-1.1333963095,3.7869693852,-0.2662322223
2.4509897232,-0.7686619759,3.3979377089,-1.136385921,3.714486084,-0.2479648143
2.4497003555,-0.7867299914,3.4046473486,-1.1387979965,3.6747026062,-0.2425312847
2.4486510754,-0.8044376373,3.41277303,-1.1411850109,3.6343178368,-0.238733232
2.4478046894,-0.8203046322,3.4194487988,-1.1432286886,3.6087207413,-0.243947804
2.447653532,-0.8374733925,3.4262570771,-1.1454038815,3.5899910545,-0.2498794496
2.4481966496,-0.854606986,3.433094917,-1.1473981759,3.5750054932,-0.2590138912
2.4488070011,-0.8677712679,3.4403446095,-1.1495489707,3.5638491726,-0.2664164603
2.4513895512,-0.881316483,3.4479274858,-1.1513079226,3.5499374485,-0.276686579
2.4514291287,-0.8939469457,3.4554209652,-1.1528074732,3.5370716667,-0.286206305
2.4528470039,-0.9157271385,3.4635393954,-1.154583238,3.5244767284,-0.2954885662
2.4547958374,-0.9307704568,3.471462086,-1.1558176908,3.5124585247,-0.3051448762
2.4559230804,-0.9453893304,3.480157026,-1.1572456755,3.4777588463,-0.3249774575
2.4577586651,-0.9603585005,3.4897364652,-1.1588014754,3.469506464,-0.3353639543
2.4604403973,-0.9757706523,3.4985632585,-1.1602357918,3.4546284294,-0.3425907791
2.4630515575,-0.9883288145,3.5067731414,-1.1609400203,3.4472756004,-0.3525768518
2.4659454823,-1.000113368,3.5150567229,-1.1612362328,3.4405047512,-0.3624285162
2.4664940834,-1.0086499453,3.5231046807,-1.1615661896,3.4280373669,-0.3757041693
2.4659500122,-1.0118595362,3.5310418013,-1.1616913661,3.4188608742,-0.3912574947
2.4656336308,-1.0109449625,3.5389493399,-1.1618205693,3.4101383305,-0.4057501853
2.4649512768,-1.0100022554,3.5472076367,-1.161525288,3.401596508,-0.4187836945
2.4654710293,-1.011844039,3.2709589104,-1.0334874245,3.3943192577,-0.4320429564
2.4658212662,-1.012165308,3.2775146385,-1.0328993652,3.3867573357,-0.4442152381
2.4655849934,-1.0119661093,3.284137831,-1.0323190893,3.3787438488,-0.4587305486
2.4639680386,-1.012245059,3.2275020522,-1.0069838194,3.3717283821,-0.4724287391
2.4648423195,-1.013316989,3.2047256608,-0.9935193897,3.3645403004,-0.4900352657
2.4656505585,-1.0130115748,3.18204818,-0.9808534706,3.3579055882,-0.5023943186
2.4657166004,-1.0134828091,3.1725924486,-0.9775187448,3.3513464546,-0.5157826543
2.4656498432,-1.0144008398,3.1683196876,-0.9754029883,3.3446735954,-0.530331254
2.4646792412,-1.0138425827,3.1664649146,-0.9768978136,3.3386766529,-0.5432872772
2.4654347897,-1.0136110783,3.167730731,-0.9767740757,3.3324405766,-0.5596423149
2.4658362865,-1.0137972832,3.1661403511,-0.9792824122,3.3268737412,-0.5757166743
2.4648311138,-1.0135897398,3.1660874515,-0.9804067917,3.3210374928,-0.5930746198
2.4647088051,-1.0142630339,3.1668428765,-0.9805772647,3.3154773331,-0.6092655063
